门类,专业类,专业名称,专业代码,开设院校,专业满意度,详情页,开设院校页,specId
哲学,哲学类,哲学,010101,查看,4.2,https://gaokao.chsi.com.cn/zyk/zybk/detail/73381059,https://gaokao.chsi.com.cn/zyk/zybk/ksyxPage?specId=73381059,
哲学,哲学类,逻辑学,010102,查看,3.5,https://gaokao.chsi.com.cn/zyk/zybk/detail/73381063,https://gaokao.chsi.com.cn/zyk/zybk/ksyxPage?specId=73381063,
哲学,哲学类,宗教学,010103,查看,4.3,https://gaokao.chsi.com.cn/zyk/zybk/detail/73381067,https://gaokao.chsi.com.cn/zyk/zybk/ksyxPage?specId=73381067,
哲学,哲学类,伦理学,010104,-,-,,,
经济学,经济学类,经济学,020101,查看,4.1,https://gaokao.chsi.com.cn/zyk/zybk/detail/73381079,https://gaokao.chsi.com.cn/zyk/zybk/ksyxPage?specId=73381079,
经济学,经济学类,经济统计学,020102,查看,4.3,https://gaokao.chsi.com.cn/zyk/zybk/detail/437286851,https://gaokao.chsi.com.cn/zyk/zybk/ksyxPage?specId=437286851,
经济学,经济学类,国民经济管理,020103,查看,4.3,https://gaokao.chsi.com.cn/zyk/zybk/detail/73381095,https://gaokao.chsi.com.cn/zyk/zybk/ksyxPage?specId=73381095,
经济学,经济学类,资源与环境经济学,020104,查看,3.7,https://gaokao.chsi.com.cn/zyk/zybk/detail/437287109,https://gaokao.chsi.com.cn/zyk/zybk/ksyxPage?specId=437287109,
经济学,经济学类,商务经济学,020105,查看,3.8,https://gaokao.chsi.com.cn/zyk/zybk/detail/665448572,https://gaokao.chsi.com.cn/zyk/zybk/ksyxPage?specId=665448572,
经济学,经济学类,能源经济,020106,查看,4.0,https://gaokao.chsi.com.cn/zyk/zybk/detail/213783542,https://gaokao.chsi.com.cn/zyk/zybk/ksyxPage?specId=213783542,
经济学,经济学类,劳动经济学,020107,-,-,,,
经济学,经济学类,经济工程,020108,-,-,,,
经济学,经济学类,数字经济,020109,-,5.0,,,
经济学,财政学类,财政学,020201,查看,4.4,https://gaokao.chsi.com.cn/zyk/zybk/detail/73381087,https://gaokao.chsi.com.cn/zyk/zybk/ksyxPage?specId=73381087,
经济学,财政学类,税收学,020202,查看,4.4,https://gaokao.chsi.com.cn/zyk/zybk/detail/73381111,https://gaokao.chsi.com.cn/zyk/zybk/ksyxPage?specId=73381111,
经济学,财政学类,国际税收,020203,-,-,,,
经济学,金融学类,金融学,020301,查看,4.3,https://gaokao.chsi.com.cn/zyk/zybk/detail/73381091,https://gaokao.chsi.com.cn/zyk/zybk/ksyxPage?specId=73381091,
经济学,金融学类,金融工程,020302,查看,4.3,https://gaokao.chsi.com.cn/zyk/zybk/detail/73381107,https://gaokao.chsi.com.cn/zyk/zybk/ksyxPage?specId=73381107,
经济学,金融学类,保险学,020303,查看,4.2,https://gaokao.chsi.com.cn/zyk/zybk/detail/73381103,https://gaokao.chsi.com.cn/zyk/zybk/ksyxPage?specId=73381103,
经济学,金融学类,投资学,020304,查看,4.3,https://gaokao.chsi.com.cn/zyk/zybk/detail/73381127,https://gaokao.chsi.com.cn/zyk/zybk/ksyxPage?specId=73381127,
经济学,金融学类,金融数学,020305,查看,4.4,https://gaokao.chsi.com.cn/zyk/zybk/detail/164249073,https://gaokao.chsi.com.cn/zyk/zybk/ksyxPage?specId=164249073,
经济学,金融学类,信用管理,020306,查看,4.3,https://gaokao.chsi.com.cn/zyk/zybk/detail/73381115,https://gaokao.chsi.com.cn/zyk/zybk/ksyxPage?specId=73381115,
经济学,金融学类,经济与金融,020307,查看,4.2,https://gaokao.chsi.com.cn/zyk/zybk/detail/73381143,https://gaokao.chsi.com.cn/zyk/zybk/ksyxPage?specId=73381143,
经济学,金融学类,精算学,020308,查看,-,https://gaokao.chsi.com.cn/zyk/zybk/detail/47e7kv0pns0tma1i,https://gaokao.chsi.com.cn/zyk/zybk/ksyxPage?specId=47e7kv0pns0tma1i,
经济学,金融学类,互联网金融,020309,-,4.8,,,
经济学,金融学类,金融科技,020310,-,5.0,,,
经济学,金融学类,金融审计,020311,-,-,,,
经济学,经济与贸易类,国际经济与贸易,020401,查看,4.1,https://gaokao.chsi.com.cn/zyk/zybk/detail/73381083,https://gaokao.chsi.com.cn/zyk/zybk/ksyxPage?specId=73381083,
经济学,经济与贸易类,贸易经济,020402,查看,4.2,https://gaokao.chsi.com.cn/zyk/zybk/detail/73381099,https://gaokao.chsi.com.cn/zyk/zybk/ksyxPage?specId=73381099,
经济学,经济与贸易类,国际经济发展合作,020403,-,-,,,
法学,法学类,法学,030101,查看,4.3,https://gaokao.chsi.com.cn/zyk/zybk/detail/73381155,https://gaokao.chsi.com.cn/zyk/zybk/ksyxPage?specId=73381155,
法学,法学类,知识产权,030102,查看,4.1,https://gaokao.chsi.com.cn/zyk/zybk/detail/73381159,https://gaokao.chsi.com.cn/zyk/zybk/ksyxPage?specId=73381159,
法学,法学类,监狱学,030103,查看,4.3,https://gaokao.chsi.com.cn/zyk/zybk/detail/73381163,https://gaokao.chsi.com.cn/zyk/zybk/ksyxPage?specId=73381163,
法学,法学类,信用风险管理与法律防控,030104,-,-,,,
法学,法学类,国际经贸规则,030105,-,-,,,
法学,法学类,司法警察学,030106,-,-,,,
法学,法学类,社区矫正,030107,-,-,,,
法学,法学类,纪检监察,030108,-,5.0,,,
法学,法学类,国际法,030109,-,-,,,
法学,法学类,司法鉴定学,030110,-,-,,,
法学,法学类,国家安全学,030111,-,-,,,
法学,法学类,海外利益安全,030112,-,-,,,
法学,政治学类,政治学与行政学,030201,查看,3.9,https://gaokao.chsi.com.cn/zyk/zybk/detail/73383203,https://gaokao.chsi.com.cn/zyk/zybk/ksyxPage?specId=73383203,
法学,政治学类,国际政治,030202,查看,3.9,https://gaokao.chsi.com.cn/zyk/zybk/detail/73383207,https://gaokao.chsi.com.cn/zyk/zybk/ksyxPage?specId=73383207,
法学,政治学类,外交学,030203,查看,3.7,https://gaokao.chsi.com.cn/zyk/zybk/detail/73383211,https://gaokao.chsi.com.cn/zyk/zybk/ksyxPage?specId=73383211,
法学,政治学类,国际事务与国际关系,030204,查看,4.0,https://gaokao.chsi.com.cn/zyk/zybk/detail/73383223,https://gaokao.chsi.com.cn/zyk/zybk/ksyxPage?specId=73383223,
法学,政治学类,政治学、经济学与哲学,030205,-,-,,,
法学,政治学类,国际组织与全球治理,030206,-,-,,,
法学,社会学类,社会学,030301,查看,3.9,https://gaokao.chsi.com.cn/zyk/zybk/detail/73383179,https://gaokao.chsi.com.cn/zyk/zybk/ksyxPage?specId=73383179,
法学,社会学类,社会工作,030302,查看,3.9,https://gaokao.chsi.com.cn/zyk/zybk/detail/73383183,https://gaokao.chsi.com.cn/zyk/zybk/ksyxPage?specId=73383183,
法学,社会学类,人类学,030303,查看,3.9,https://gaokao.chsi.com.cn/zyk/zybk/detail/73383191,https://gaokao.chsi.com.cn/zyk/zybk/ksyxPage?specId=73383191,
法学,社会学类,女性学,030304,查看,4.0,https://gaokao.chsi.com.cn/zyk/zybk/detail/73383195,https://gaokao.chsi.com.cn/zyk/zybk/ksyxPage?specId=73383195,
法学,社会学类,家政学,030305,查看,4.0,https://gaokao.chsi.com.cn/zyk/zybk/detail/73383187,https://gaokao.chsi.com.cn/zyk/zybk/ksyxPage?specId=73383187,
法学,社会学类,老年学,030306,-,-,,,
法学,社会学类,社会政策,030307,-,-,,,
法学,民族学类,民族学,030401,查看,3.9,https://gaokao.chsi.com.cn/zyk/zybk/detail/73383759,https://gaokao.chsi.com.cn/zyk/zybk/ksyxPage?specId=73383759,
法学,马克思主义理论类,科学社会主义,030501,-,-,,,
法学,马克思主义理论类,中国共产党历史,030502,-,3.9,,,
法学,马克思主义理论类,思想政治教育,030503,查看,4.2,https://gaokao.chsi.com.cn/zyk/zybk/detail/73383215,https://gaokao.chsi.com.cn/zyk/zybk/ksyxPage?specId=73383215,
法学,马克思主义理论类,马克思主义理论,030504,查看,-,https://gaokao.chsi.com.cn/zyk/zybk/detail/qu1quiwlzpc0jjm6,https://gaokao.chsi.com.cn/zyk/zybk/ksyxPage?specId=qu1quiwlzpc0jjm6,
法学,马克思主义理论类,工会学,030505,-,-,,,
法学,公安学类,治安学,030601,查看,4.5,https://gaokao.chsi.com.cn/zyk/zybk/detail/73383227,https://gaokao.chsi.com.cn/zyk/zybk/ksyxPage?specId=73383227,
法学,公安学类,侦查学,030602,查看,4.6,https://gaokao.chsi.com.cn/zyk/zybk/detail/73383231,https://gaokao.chsi.com.cn/zyk/zybk/ksyxPage?specId=73383231,
法学,公安学类,边防管理,030603,查看,3.7,https://gaokao.chsi.com.cn/zyk/zybk/detail/73383235,https://gaokao.chsi.com.cn/zyk/zybk/ksyxPage?specId=73383235,
法学,公安学类,禁毒学,030604,查看,4.3,https://gaokao.chsi.com.cn/zyk/zybk/detail/73383243,https://gaokao.chsi.com.cn/zyk/zybk/ksyxPage?specId=73383243,
法学,公安学类,警犬技术,030605,查看,4.1,https://gaokao.chsi.com.cn/zyk/zybk/detail/73383247,https://gaokao.chsi.com.cn/zyk/zybk/ksyxPage?specId=73383247,
法学,公安学类,经济犯罪侦查,030606,查看,4.5,https://gaokao.chsi.com.cn/zyk/zybk/detail/73383251,https://gaokao.chsi.com.cn/zyk/zybk/ksyxPage?specId=73383251,
法学,公安学类,边防指挥,030607,-,-,,,
法学,公安学类,消防指挥,030608,-,3.9,,,
法学,公安学类,警卫学,030609,-,-,,,
法学,公安学类,公安情报学,030610,查看,4.7,https://gaokao.chsi.com.cn/zyk/zybk/detail/73383267,https://gaokao.chsi.com.cn/zyk/zybk/ksyxPage?specId=73383267,
法学,公安学类,犯罪学,030611,查看,4.9,https://gaokao.chsi.com.cn/zyk/zybk/detail/73383271,https://gaokao.chsi.com.cn/zyk/zybk/ksyxPage?specId=73383271,
法学,公安学类,公安管理学,030612,查看,4.6,https://gaokao.chsi.com.cn/zyk/zybk/detail/73383275,https://gaokao.chsi.com.cn/zyk/zybk/ksyxPage?specId=73383275,
法学,公安学类,涉外警务,030613,查看,3.9,https://gaokao.chsi.com.cn/zyk/zybk/detail/73383279,https://gaokao.chsi.com.cn/zyk/zybk/ksyxPage?specId=73383279,
法学,公安学类,国内安全保卫,030614,查看,-,https://gaokao.chsi.com.cn/zyk/zybk/detail/213783546,https://gaokao.chsi.com.cn/zyk/zybk/ksyxPage?specId=213783546,
法学,公安学类,警务指挥与战术,030615,查看,4.6,https://gaokao.chsi.com.cn/zyk/zybk/detail/213768887,https://gaokao.chsi.com.cn/zyk/zybk/ksyxPage?specId=213768887,
法学,公安学类,技术侦查学,030616,-,-,,,
法学,公安学类,海警执法,030617,-,-,,,
法学,公安学类,公安政治工作,030618,-,-,,,
法学,公安学类,移民管理,030619,-,-,,,
法学,公安学类,出入境管理,030620,-,-,,,
法学,公安学类,反恐警务,030621,-,-,,,
法学,公安学类,消防政治工作,030622,-,-,,,
法学,公安学类,铁路警务,030623,-,5.0,,,
教育学,教育学类,教育学,040101,查看,3.9,https://gaokao.chsi.com.cn/zyk/zybk/detail/73383287,https://gaokao.chsi.com.cn/zyk/zybk/ksyxPage?specId=73383287,
教育学,教育学类,科学教育,040102,查看,3.9,https://gaokao.chsi.com.cn/zyk/zybk/detail/73383315,https://gaokao.chsi.com.cn/zyk/zybk/ksyxPage?specId=73383315,
教育学,教育学类,人文教育,040103,查看,3.7,https://gaokao.chsi.com.cn/zyk/zybk/detail/73383311,https://gaokao.chsi.com.cn/zyk/zybk/ksyxPage?specId=73383311,
教育学,教育学类,教育技术学,040104,查看,3.8,https://gaokao.chsi.com.cn/zyk/zybk/detail/73383299,https://gaokao.chsi.com.cn/zyk/zybk/ksyxPage?specId=73383299,
教育学,教育学类,艺术教育,040105,查看,3.8,https://gaokao.chsi.com.cn/zyk/zybk/detail/73383307,https://gaokao.chsi.com.cn/zyk/zybk/ksyxPage?specId=73383307,
教育学,教育学类,学前教育,040106,查看,4.4,https://gaokao.chsi.com.cn/zyk/zybk/detail/73383291,https://gaokao.chsi.com.cn/zyk/zybk/ksyxPage?specId=73383291,
教育学,教育学类,小学教育,040107,查看,4.2,https://gaokao.chsi.com.cn/zyk/zybk/detail/73383303,https://gaokao.chsi.com.cn/zyk/zybk/ksyxPage?specId=73383303,
教育学,教育学类,特殊教育,040108,查看,4.3,https://gaokao.chsi.com.cn/zyk/zybk/detail/73383295,https://gaokao.chsi.com.cn/zyk/zybk/ksyxPage?specId=73383295,
教育学,教育学类,华文教育,040109,-,-,,,
教育学,教育学类,教育康复学,040110,-,-,,,
教育学,教育学类,卫生教育,040111,-,-,,,
教育学,教育学类,认知科学与技术,040112,-,-,,,
教育学,教育学类,融合教育,040113,-,-,,,
教育学,教育学类,劳动教育,040114,-,-,,,
教育学,教育学类,家庭教育,040115,-,-,,,
教育学,教育学类,孤独症儿童教育,040116,-,-,,,
教育学,教育学类,人工智能教育,040117,-,-,,,
教育学,教育学类,婴幼儿发展与健康管理,040118,-,-,,,
教育学,体育学类,体育教育,040201,查看,4.4,https://gaokao.chsi.com.cn/zyk/zybk/detail/73383331,https://gaokao.chsi.com.cn/zyk/zybk/ksyxPage?specId=73383331,
教育学,体育学类,运动训练,040202,查看,4.6,https://gaokao.chsi.com.cn/zyk/zybk/detail/73383335,https://gaokao.chsi.com.cn/zyk/zybk/ksyxPage?specId=73383335,
教育学,体育学类,社会体育指导与管理,040203,查看,4.1,https://gaokao.chsi.com.cn/zyk/zybk/detail/73383339,https://gaokao.chsi.com.cn/zyk/zybk/ksyxPage?specId=73383339,
教育学,体育学类,武术与民族传统体育,040204,查看,4.6,https://gaokao.chsi.com.cn/zyk/zybk/detail/73383347,https://gaokao.chsi.com.cn/zyk/zybk/ksyxPage?specId=73383347,
教育学,体育学类,运动人体科学,040205,查看,3.6,https://gaokao.chsi.com.cn/zyk/zybk/detail/73383343,https://gaokao.chsi.com.cn/zyk/zybk/ksyxPage?specId=73383343,
教育学,体育学类,运动康复,040206,查看,3.9,https://gaokao.chsi.com.cn/zyk/zybk/detail/73383351,https://gaokao.chsi.com.cn/zyk/zybk/ksyxPage?specId=73383351,
教育学,体育学类,休闲体育,040207,查看,4.2,https://gaokao.chsi.com.cn/zyk/zybk/detail/73383355,https://gaokao.chsi.com.cn/zyk/zybk/ksyxPage?specId=73383355,
教育学,体育学类,体能训练,040208,-,-,,,
教育学,体育学类,冰雪运动,040209,-,-,,,
教育学,体育学类,电子竞技运动与管理,040210,-,-,,,
教育学,体育学类,智能体育工程,040211,-,-,,,
教育学,体育学类,体育旅游,040212,-,-,,,
教育学,体育学类,运动能力开发,040213,-,-,,,
教育学,体育学类,足球运动,040214,-,-,,,
教育学,体育学类,马术运动与管理,040215,-,-,,,
教育学,体育学类,体育康养,040216,-,-,,,
教育学,体育学类,航空运动,040217,-,-,,,
文学,中国语言文学类,汉语言文学,050101,查看,4.4,https://gaokao.chsi.com.cn/zyk/zybk/detail/73383455,https://gaokao.chsi.com.cn/zyk/zybk/ksyxPage?specId=73383455,
文学,中国语言文学类,汉语言,050102,查看,4.2,https://gaokao.chsi.com.cn/zyk/zybk/detail/73383459,https://gaokao.chsi.com.cn/zyk/zybk/ksyxPage?specId=73383459,
文学,中国语言文学类,汉语国际教育,050103,查看,3.9,https://gaokao.chsi.com.cn/zyk/zybk/detail/73383463,https://gaokao.chsi.com.cn/zyk/zybk/ksyxPage?specId=73383463,
文学,中国语言文学类,中国少数民族语言文学,050104,查看,4.2,https://gaokao.chsi.com.cn/zyk/zybk/detail/73383467,https://gaokao.chsi.com.cn/zyk/zybk/ksyxPage?specId=73383467,
文学,中国语言文学类,古典文献学,050105,-,4.3,,,
文学,中国语言文学类,应用语言学,050106,-,4.8,,,
文学,中国语言文学类,秘书学,050107,查看,4.0,https://gaokao.chsi.com.cn/zyk/zybk/detail/73383435,https://gaokao.chsi.com.cn/zyk/zybk/ksyxPage?specId=73383435,
文学,中国语言文学类,中国语言与文化,050108,-,-,,,
文学,中国语言文学类,手语翻译,050109,-,-,,,
文学,中国语言文学类,数字人文,050110,-,-,,,
文学,中国语言文学类,中国古典学,050111,-,-,,,
文学,中国语言文学类,汉学与中国学,050112,-,-,,,
文学,中国语言文学类,应用中文,050113,-,-,,,
文学,外国语言文学类,桑戈语,050200,-,-,,,
文学,外国语言文学类,英语,050201,查看,4.0,https://gaokao.chsi.com.cn/zyk/zybk/detail/73383483,https://gaokao.chsi.com.cn/zyk/zybk/ksyxPage?specId=73383483,
文学,外国语言文学类,俄语,050202,查看,4.3,https://gaokao.chsi.com.cn/zyk/zybk/detail/73383487,https://gaokao.chsi.com.cn/zyk/zybk/ksyxPage?specId=73383487,
文学,外国语言文学类,德语,050203,查看,4.0,https://gaokao.chsi.com.cn/zyk/zybk/detail/73383491,https://gaokao.chsi.com.cn/zyk/zybk/ksyxPage?specId=73383491,
文学,外国语言文学类,法语,050204,查看,4.2,https://gaokao.chsi.com.cn/zyk/zybk/detail/73383495,https://gaokao.chsi.com.cn/zyk/zybk/ksyxPage?specId=73383495,
文学,外国语言文学类,西班牙语,050205,查看,4.3,https://gaokao.chsi.com.cn/zyk/zybk/detail/73383499,https://gaokao.chsi.com.cn/zyk/zybk/ksyxPage?specId=73383499,
文学,外国语言文学类,阿拉伯语,050206,查看,4.3,https://gaokao.chsi.com.cn/zyk/zybk/detail/73383503,https://gaokao.chsi.com.cn/zyk/zybk/ksyxPage?specId=73383503,
文学,外国语言文学类,日语,050207,查看,4.1,https://gaokao.chsi.com.cn/zyk/zybk/detail/73383507,https://gaokao.chsi.com.cn/zyk/zybk/ksyxPage?specId=73383507,
文学,外国语言文学类,波斯语,050208,-,4.0,,,
文学,外国语言文学类,朝鲜语,050209,查看,4.2,https://gaokao.chsi.com.cn/zyk/zybk/detail/73383515,https://gaokao.chsi.com.cn/zyk/zybk/ksyxPage?specId=73383515,
文学,外国语言文学类,菲律宾语,050210,-,-,,,
文学,外国语言文学类,语言学,0502100,-,-,,,
文学,外国语言文学类,塔玛齐格特语,0502101,-,-,,,
文学,外国语言文学类,爪哇语,0502102,-,-,,,
文学,外国语言文学类,旁遮普语,0502103,-,-,,,
文学,外国语言文学类,区域国别学,0502104,-,-,,,
文学,外国语言文学类,梵语巴利语,050211,-,-,,,
文学,外国语言文学类,印度尼西亚语,050212,查看,4.5,https://gaokao.chsi.com.cn/zyk/zybk/detail/73383519,https://gaokao.chsi.com.cn/zyk/zybk/ksyxPage?specId=73383519,
文学,外国语言文学类,印地语,050213,查看,4.0,https://gaokao.chsi.com.cn/zyk/zybk/detail/73383523,https://gaokao.chsi.com.cn/zyk/zybk/ksyxPage?specId=73383523,
文学,外国语言文学类,柬埔寨语,050214,查看,4.0,https://gaokao.chsi.com.cn/zyk/zybk/detail/73383527,https://gaokao.chsi.com.cn/zyk/zybk/ksyxPage?specId=73383527,
文学,外国语言文学类,老挝语,050215,-,4.3,,,
文学,外国语言文学类,缅甸语,050216,查看,4.3,https://gaokao.chsi.com.cn/zyk/zybk/detail/73383535,https://gaokao.chsi.com.cn/zyk/zybk/ksyxPage?specId=73383535,
文学,外国语言文学类,马来语,050217,查看,4.4,https://gaokao.chsi.com.cn/zyk/zybk/detail/164247005,https://gaokao.chsi.com.cn/zyk/zybk/ksyxPage?specId=164247005,
文学,外国语言文学类,蒙古语,050218,-,-,,,
文学,外国语言文学类,僧伽罗语,050219,-,-,,,
文学,外国语言文学类,泰语,050220,查看,3.9,https://gaokao.chsi.com.cn/zyk/zybk/detail/73383539,https://gaokao.chsi.com.cn/zyk/zybk/ksyxPage?specId=73383539,
文学,外国语言文学类,乌尔都语,050221,-,3.4,,,
文学,外国语言文学类,希伯来语,050222,-,-,,,
文学,外国语言文学类,越南语,050223,查看,4.2,https://gaokao.chsi.com.cn/zyk/zybk/detail/73383543,https://gaokao.chsi.com.cn/zyk/zybk/ksyxPage?specId=73383543,
文学,外国语言文学类,豪萨语,050224,-,-,,,
文学,外国语言文学类,斯瓦希里语,050225,-,-,,,
文学,外国语言文学类,阿尔巴尼亚语,050226,-,-,,,
文学,外国语言文学类,保加利亚语,050227,-,-,,,
文学,外国语言文学类,波兰语,050228,-,5.0,,,
文学,外国语言文学类,捷克语,050229,-,-,,,
文学,外国语言文学类,斯洛伐克语,050230,-,-,,,
文学,外国语言文学类,罗马尼亚语,050231,-,-,,,
文学,外国语言文学类,葡萄牙语,050232,查看,4.3,https://gaokao.chsi.com.cn/zyk/zybk/detail/73383555,https://gaokao.chsi.com.cn/zyk/zybk/ksyxPage?specId=73383555,
文学,外国语言文学类,瑞典语,050233,-,-,,,
文学,外国语言文学类,塞尔维亚语,050234,-,-,,,
文学,外国语言文学类,土耳其语,050235,-,3.7,,,
文学,外国语言文学类,希腊语,050236,-,-,,,
文学,外国语言文学类,匈牙利语,050237,-,-,,,
文学,外国语言文学类,意大利语,050238,查看,4.2,https://gaokao.chsi.com.cn/zyk/zybk/detail/73383571,https://gaokao.chsi.com.cn/zyk/zybk/ksyxPage?specId=73383571,
文学,外国语言文学类,泰米尔语,050239,-,-,,,
文学,外国语言文学类,普什图语,050240,-,-,,,
文学,外国语言文学类,世界语,050241,-,-,,,
文学,外国语言文学类,孟加拉语,050242,-,-,,,
文学,外国语言文学类,尼泊尔语,050243,-,-,,,
文学,外国语言文学类,克罗地亚语,050244,-,-,,,
文学,外国语言文学类,荷兰语,050245,-,-,,,
文学,外国语言文学类,芬兰语,050246,-,3.8,,,
文学,外国语言文学类,乌克兰语,050247,-,-,,,
文学,外国语言文学类,挪威语,050248,-,-,,,
文学,外国语言文学类,丹麦语,050249,-,-,,,
文学,外国语言文学类,冰岛语,050250,-,-,,,
文学,外国语言文学类,爱尔兰语,050251,-,-,,,
文学,外国语言文学类,拉脱维亚语,050252,-,-,,,
文学,外国语言文学类,立陶宛语,050253,-,-,,,
文学,外国语言文学类,斯洛文尼亚语,050254,-,-,,,
文学,外国语言文学类,爱沙尼亚语,050255,-,-,,,
文学,外国语言文学类,马耳他语,050256,-,-,,,
文学,外国语言文学类,哈萨克语,050257,-,-,,,
文学,外国语言文学类,乌兹别克语,050258,-,-,,,
文学,外国语言文学类,祖鲁语,050259,-,-,,,
文学,外国语言文学类,拉丁语,050260,-,-,,,
文学,外国语言文学类,翻译,050261,查看,4.1,https://gaokao.chsi.com.cn/zyk/zybk/detail/73383587,https://gaokao.chsi.com.cn/zyk/zybk/ksyxPage?specId=73383587,
文学,外国语言文学类,商务英语,050262,查看,4.0,https://gaokao.chsi.com.cn/zyk/zybk/detail/73383583,https://gaokao.chsi.com.cn/zyk/zybk/ksyxPage?specId=73383583,
文学,外国语言文学类,阿姆哈拉语,050263,-,-,,,
文学,外国语言文学类,吉尔吉斯语,050264,-,-,,,
文学,外国语言文学类,索马里语,050265,-,-,,,
文学,外国语言文学类,土库曼语,050266,-,-,,,
文学,外国语言文学类,加泰罗尼亚语,050267,-,-,,,
文学,外国语言文学类,约鲁巴语,050268,-,-,,,
文学,外国语言文学类,亚美尼亚语,050269,-,-,,,
文学,外国语言文学类,马达加斯加语,050270,-,-,,,
文学,外国语言文学类,格鲁吉亚语,050271,-,-,,,
文学,外国语言文学类,阿塞拜疆语,050272,-,-,,,
文学,外国语言文学类,阿非利卡语,050273,-,-,,,
文学,外国语言文学类,马其顿语,050274,-,-,,,
文学,外国语言文学类,塔吉克语,050275,-,-,,,
文学,外国语言文学类,茨瓦纳语,050276,-,-,,,
文学,外国语言文学类,恩德贝莱语,050277,-,-,,,
文学,外国语言文学类,科摩罗语,050278,-,-,,,
文学,外国语言文学类,克里奥尔语,050279,-,-,,,
文学,外国语言文学类,绍纳语,050280,-,-,,,
文学,外国语言文学类,提格雷尼亚语,050281,-,-,,,
文学,外国语言文学类,白俄罗斯语,050282,-,-,,,
文学,外国语言文学类,毛利语,050283,-,-,,,
文学,外国语言文学类,汤加语,050284,-,-,,,
文学,外国语言文学类,萨摩亚语,050285,-,-,,,
文学,外国语言文学类,库尔德语,050286,-,-,,,
文学,外国语言文学类,比斯拉马语,050287,-,-,,,
文学,外国语言文学类,达里语,050288,-,-,,,
文学,外国语言文学类,德顿语,050289,-,-,,,
文学,外国语言文学类,迪维希语,050290,-,-,,,
文学,外国语言文学类,斐济语,050291,-,-,,,
文学,外国语言文学类,库克群岛毛利语,050292,-,-,,,
文学,外国语言文学类,隆迪语,050293,-,-,,,
文学,外国语言文学类,卢森堡语,050294,-,-,,,
文学,外国语言文学类,卢旺达语,050295,-,-,,,
文学,外国语言文学类,纽埃语,050296,-,-,,,
文学,外国语言文学类,皮金语,050297,-,-,,,
文学,外国语言文学类,切瓦语,050298,-,-,,,
文学,外国语言文学类,塞苏陀语,050299,-,-,,,
文学,新闻传播学类,新闻学,050301,查看,4.0,https://gaokao.chsi.com.cn/zyk/zybk/detail/73383599,https://gaokao.chsi.com.cn/zyk/zybk/ksyxPage?specId=73383599,
文学,新闻传播学类,广播电视学,050302,查看,4.0,https://gaokao.chsi.com.cn/zyk/zybk/detail/73383603,https://gaokao.chsi.com.cn/zyk/zybk/ksyxPage?specId=73383603,
文学,新闻传播学类,广告学,050303,查看,4.1,https://gaokao.chsi.com.cn/zyk/zybk/detail/73383607,https://gaokao.chsi.com.cn/zyk/zybk/ksyxPage?specId=73383607,
文学,新闻传播学类,传播学,050304,查看,4.0,https://gaokao.chsi.com.cn/zyk/zybk/detail/73383615,https://gaokao.chsi.com.cn/zyk/zybk/ksyxPage?specId=73383615,
文学,新闻传播学类,编辑出版学,050305,查看,4.0,https://gaokao.chsi.com.cn/zyk/zybk/detail/73383611,https://gaokao.chsi.com.cn/zyk/zybk/ksyxPage?specId=73383611,
文学,新闻传播学类,网络与新媒体,050306,查看,4.2,https://gaokao.chsi.com.cn/zyk/zybk/detail/437287088,https://gaokao.chsi.com.cn/zyk/zybk/ksyxPage?specId=437287088,
文学,新闻传播学类,数字出版,050307,-,4.0,,,
文学,新闻传播学类,时尚传播,050308,-,-,,,
文学,新闻传播学类,国际新闻与传播,050309,-,-,,,
文学,新闻传播学类,会展,050310,-,-,,,
历史学,历史学类,历史学,060101,查看,4.2,https://gaokao.chsi.com.cn/zyk/zybk/detail/73383743,https://gaokao.chsi.com.cn/zyk/zybk/ksyxPage?specId=73383743,
历史学,历史学类,世界史,060102,查看,4.2,https://gaokao.chsi.com.cn/zyk/zybk/detail/73383747,https://gaokao.chsi.com.cn/zyk/zybk/ksyxPage?specId=73383747,
历史学,历史学类,考古学,060103,查看,4.4,https://gaokao.chsi.com.cn/zyk/zybk/detail/73383751,https://gaokao.chsi.com.cn/zyk/zybk/ksyxPage?specId=73383751,
历史学,历史学类,文物与博物馆学,060104,-,4.0,,,
历史学,历史学类,文物保护技术,060105,查看,4.0,https://gaokao.chsi.com.cn/zyk/zybk/detail/73383763,https://gaokao.chsi.com.cn/zyk/zybk/ksyxPage?specId=73383763,
历史学,历史学类,外国语言与外国历史,060106,-,-,,,
历史学,历史学类,文化遗产,060107,-,-,,,
历史学,历史学类,古文字学,060108,-,-,,,
历史学,历史学类,科学史,060109,-,-,,,
理学,数学类,数学与应用数学,070101,查看,4.2,https://gaokao.chsi.com.cn/zyk/zybk/detail/73383775,https://gaokao.chsi.com.cn/zyk/zybk/ksyxPage?specId=73383775,
理学,数学类,信息与计算科学,070102,查看,3.8,https://gaokao.chsi.com.cn/zyk/zybk/detail/73383779,https://gaokao.chsi.com.cn/zyk/zybk/ksyxPage?specId=73383779,
理学,数学类,数理基础科学,070103,查看,4.1,https://gaokao.chsi.com.cn/zyk/zybk/detail/73383783,https://gaokao.chsi.com.cn/zyk/zybk/ksyxPage?specId=73383783,
理学,数学类,数据计算及应用,070104,-,-,,,
理学,物理学类,物理学,070201,查看,4.2,https://gaokao.chsi.com.cn/zyk/zybk/detail/73383799,https://gaokao.chsi.com.cn/zyk/zybk/ksyxPage?specId=73383799,
理学,物理学类,应用物理学,070202,查看,3.7,https://gaokao.chsi.com.cn/zyk/zybk/detail/73383803,https://gaokao.chsi.com.cn/zyk/zybk/ksyxPage?specId=73383803,
理学,物理学类,核物理,070203,查看,4.3,https://gaokao.chsi.com.cn/zyk/zybk/detail/73383807,https://gaokao.chsi.com.cn/zyk/zybk/ksyxPage?specId=73383807,
理学,物理学类,声学,070204,-,4.9,,,
理学,物理学类,系统科学与工程,070205,-,-,,,
理学,物理学类,量子信息科学,070206,-,-,,,
理学,化学类,化学,070301,查看,4.2,https://gaokao.chsi.com.cn/zyk/zybk/detail/73383819,https://gaokao.chsi.com.cn/zyk/zybk/ksyxPage?specId=73383819,
理学,化学类,应用化学,070302,查看,4.0,https://gaokao.chsi.com.cn/zyk/zybk/detail/73383823,https://gaokao.chsi.com.cn/zyk/zybk/ksyxPage?specId=73383823,
理学,化学类,化学生物学,070303,查看,3.8,https://gaokao.chsi.com.cn/zyk/zybk/detail/73383827,https://gaokao.chsi.com.cn/zyk/zybk/ksyxPage?specId=73383827,
理学,化学类,分子科学与工程,070304,查看,4.3,https://gaokao.chsi.com.cn/zyk/zybk/detail/73383831,https://gaokao.chsi.com.cn/zyk/zybk/ksyxPage?specId=73383831,
理学,化学类,能源化学,070305,-,-,,,
理学,化学类,化学测量学与技术,070306,-,-,,,
理学,化学类,资源化学,070307,-,-,,,
理学,天文学类,天文学,070401,查看,4.4,https://gaokao.chsi.com.cn/zyk/zybk/detail/73383895,https://gaokao.chsi.com.cn/zyk/zybk/ksyxPage?specId=73383895,
理学,地理科学类,地理科学,070501,查看,4.3,https://gaokao.chsi.com.cn/zyk/zybk/detail/73383923,https://gaokao.chsi.com.cn/zyk/zybk/ksyxPage?specId=73383923,
理学,地理科学类,自然地理与资源环境,070502,查看,3.8,https://gaokao.chsi.com.cn/zyk/zybk/detail/422637247,https://gaokao.chsi.com.cn/zyk/zybk/ksyxPage?specId=422637247,
理学,地理科学类,人文地理与城乡规划,070503,查看,3.8,https://gaokao.chsi.com.cn/zyk/zybk/detail/421251447,https://gaokao.chsi.com.cn/zyk/zybk/ksyxPage?specId=421251447,
理学,地理科学类,地理信息科学,070504,查看,4.0,https://gaokao.chsi.com.cn/zyk/zybk/detail/73383932,https://gaokao.chsi.com.cn/zyk/zybk/ksyxPage?specId=73383932,
理学,大气科学类,大气科学,070601,查看,4.3,https://gaokao.chsi.com.cn/zyk/zybk/detail/73383960,https://gaokao.chsi.com.cn/zyk/zybk/ksyxPage?specId=73383960,
理学,大气科学类,应用气象学,070602,查看,4.2,https://gaokao.chsi.com.cn/zyk/zybk/detail/73383964,https://gaokao.chsi.com.cn/zyk/zybk/ksyxPage?specId=73383964,
理学,大气科学类,气象技术与工程,070603,-,-,,,
理学,大气科学类,地球系统科学,070604,-,-,,,
理学,海洋科学类,海洋科学,070701,查看,3.7,https://gaokao.chsi.com.cn/zyk/zybk/detail/73383972,https://gaokao.chsi.com.cn/zyk/zybk/ksyxPage?specId=73383972,
理学,海洋科学类,海洋技术,070702,查看,3.9,https://gaokao.chsi.com.cn/zyk/zybk/detail/73383976,https://gaokao.chsi.com.cn/zyk/zybk/ksyxPage?specId=73383976,
理学,海洋科学类,海洋资源与环境,070703,查看,3.6,https://gaokao.chsi.com.cn/zyk/zybk/detail/73383984,https://gaokao.chsi.com.cn/zyk/zybk/ksyxPage?specId=73383984,
理学,海洋科学类,军事海洋学,070704,-,-,,,
理学,海洋科学类,海洋科学与技术,070705,-,-,,,
理学,地球物理学类,地球物理学,070801,查看,4.0,https://gaokao.chsi.com.cn/zyk/zybk/detail/73383944,https://gaokao.chsi.com.cn/zyk/zybk/ksyxPage?specId=73383944,
理学,地球物理学类,空间科学与技术,070802,查看,4.2,https://gaokao.chsi.com.cn/zyk/zybk/detail/73383952,https://gaokao.chsi.com.cn/zyk/zybk/ksyxPage?specId=73383952,
理学,地球物理学类,防灾减灾科学与工程,070803,-,-,,,
理学,地球物理学类,行星科学,070804,-,-,,,
理学,地质学类,地质学,070901,查看,4.0,https://gaokao.chsi.com.cn/zyk/zybk/detail/73383907,https://gaokao.chsi.com.cn/zyk/zybk/ksyxPage?specId=73383907,
理学,地质学类,地球化学,070902,查看,3.8,https://gaokao.chsi.com.cn/zyk/zybk/detail/73383911,https://gaokao.chsi.com.cn/zyk/zybk/ksyxPage?specId=73383911,
理学,地质学类,地球信息科学与技术,070903,查看,3.8,https://gaokao.chsi.com.cn/zyk/zybk/detail/73383936,https://gaokao.chsi.com.cn/zyk/zybk/ksyxPage?specId=73383936,
理学,地质学类,古生物学,070904,查看,4.5,https://gaokao.chsi.com.cn/zyk/zybk/detail/320924689,https://gaokao.chsi.com.cn/zyk/zybk/ksyxPage?specId=320924689,
理学,生物科学类,生物科学,071001,查看,4.0,https://gaokao.chsi.com.cn/zyk/zybk/detail/73383847,https://gaokao.chsi.com.cn/zyk/zybk/ksyxPage?specId=73383847,
理学,生物科学类,生物技术,071002,查看,3.7,https://gaokao.chsi.com.cn/zyk/zybk/detail/73383851,https://gaokao.chsi.com.cn/zyk/zybk/ksyxPage?specId=73383851,
理学,生物科学类,生物信息学,071003,查看,3.9,https://gaokao.chsi.com.cn/zyk/zybk/detail/73383855,https://gaokao.chsi.com.cn/zyk/zybk/ksyxPage?specId=73383855,
理学,生物科学类,生态学,071004,查看,3.6,https://gaokao.chsi.com.cn/zyk/zybk/detail/73384056,https://gaokao.chsi.com.cn/zyk/zybk/ksyxPage?specId=73384056,
理学,生物科学类,整合科学,071005,-,-,,,
理学,生物科学类,神经科学,071006,-,-,,,
理学,心理学类,心理学,071101,查看,4.2,https://gaokao.chsi.com.cn/zyk/zybk/detail/73384076,https://gaokao.chsi.com.cn/zyk/zybk/ksyxPage?specId=73384076,
理学,心理学类,应用心理学,071102,查看,4.0,https://gaokao.chsi.com.cn/zyk/zybk/detail/73384080,https://gaokao.chsi.com.cn/zyk/zybk/ksyxPage?specId=73384080,
理学,统计学类,统计学,071201,查看,4.2,https://gaokao.chsi.com.cn/zyk/zybk/detail/73384088,https://gaokao.chsi.com.cn/zyk/zybk/ksyxPage?specId=73384088,
理学,统计学类,应用统计学,071202,查看,4.3,https://gaokao.chsi.com.cn/zyk/zybk/detail/437286976,https://gaokao.chsi.com.cn/zyk/zybk/ksyxPage?specId=437286976,
理学,统计学类,数据科学,071203,-,-,,,
理学,统计学类,生物统计学,071204,-,-,,,
工学,力学类,理论与应用力学,080101,查看,3.9,https://gaokao.chsi.com.cn/zyk/zybk/detail/73383996,https://gaokao.chsi.com.cn/zyk/zybk/ksyxPage?specId=73383996,
工学,力学类,工程力学,080102,查看,4.1,https://gaokao.chsi.com.cn/zyk/zybk/detail/73384816,https://gaokao.chsi.com.cn/zyk/zybk/ksyxPage?specId=73384816,
工学,机械类,机械工程,080201,查看,4.0,https://gaokao.chsi.com.cn/zyk/zybk/detail/437286835,https://gaokao.chsi.com.cn/zyk/zybk/ksyxPage?specId=437286835,
工学,机械类,机械设计制造及其自动化,080202,查看,4.2,https://gaokao.chsi.com.cn/zyk/zybk/detail/73384204,https://gaokao.chsi.com.cn/zyk/zybk/ksyxPage?specId=73384204,
工学,机械类,材料成型及控制工程,080203,查看,4.1,https://gaokao.chsi.com.cn/zyk/zybk/detail/73384208,https://gaokao.chsi.com.cn/zyk/zybk/ksyxPage?specId=73384208,
工学,机械类,机械电子工程,080204,查看,4.2,https://gaokao.chsi.com.cn/zyk/zybk/detail/73384228,https://gaokao.chsi.com.cn/zyk/zybk/ksyxPage?specId=73384228,
工学,机械类,工业设计,080205,查看,3.9,https://gaokao.chsi.com.cn/zyk/zybk/detail/73384212,https://gaokao.chsi.com.cn/zyk/zybk/ksyxPage?specId=73384212,
工学,机械类,过程装备与控制工程,080206,查看,4.2,https://gaokao.chsi.com.cn/zyk/zybk/detail/73384216,https://gaokao.chsi.com.cn/zyk/zybk/ksyxPage?specId=73384216,
工学,机械类,车辆工程,080207,查看,4.3,https://gaokao.chsi.com.cn/zyk/zybk/detail/73384224,https://gaokao.chsi.com.cn/zyk/zybk/ksyxPage?specId=73384224,
工学,机械类,汽车服务工程,080208,查看,4.0,https://gaokao.chsi.com.cn/zyk/zybk/detail/73384232,https://gaokao.chsi.com.cn/zyk/zybk/ksyxPage?specId=73384232,
工学,机械类,机械工艺技术,080209,-,4.1,,,
工学,机械类,微机电系统工程,080210,查看,4.3,https://gaokao.chsi.com.cn/zyk/zybk/detail/164251880,https://gaokao.chsi.com.cn/zyk/zybk/ksyxPage?specId=164251880,
工学,机械类,机电技术教育,080211,查看,4.0,https://gaokao.chsi.com.cn/zyk/zybk/detail/73383391,https://gaokao.chsi.com.cn/zyk/zybk/ksyxPage?specId=73383391,
工学,机械类,汽车维修工程教育,080212,查看,4.4,https://gaokao.chsi.com.cn/zyk/zybk/detail/73383399,https://gaokao.chsi.com.cn/zyk/zybk/ksyxPage?specId=73383399,
工学,机械类,智能制造工程,080213,-,4.8,,,
工学,机械类,智能车辆工程,080214,-,4.2,,,
工学,机械类,仿生科学与工程,080215,-,-,,,
工学,机械类,新能源汽车工程,080216,-,4.8,,,
工学,机械类,增材制造工程,080217,-,-,,,
工学,机械类,智能交互设计,080218,-,-,,,
工学,机械类,应急装备技术与工程,080219,-,-,,,
工学,机械类,农林智能装备工程,080220,-,-,,,
工学,仪器类,测控技术与仪器,080301,查看,4.1,https://gaokao.chsi.com.cn/zyk/zybk/detail/73384252,https://gaokao.chsi.com.cn/zyk/zybk/ksyxPage?specId=73384252,
工学,仪器类,精密仪器,080302,-,-,,,
工学,仪器类,智能感知工程,080303,-,5.0,,,
工学,材料类,材料科学与工程,080401,查看,4.0,https://gaokao.chsi.com.cn/zyk/zybk/detail/73384156,https://gaokao.chsi.com.cn/zyk/zybk/ksyxPage?specId=73384156,
工学,材料类,材料物理,080402,查看,3.8,https://gaokao.chsi.com.cn/zyk/zybk/detail/73384036,https://gaokao.chsi.com.cn/zyk/zybk/ksyxPage?specId=73384036,
工学,材料类,材料化学,080403,查看,4.0,https://gaokao.chsi.com.cn/zyk/zybk/detail/73384040,https://gaokao.chsi.com.cn/zyk/zybk/ksyxPage?specId=73384040,
工学,材料类,冶金工程,080404,查看,4.0,https://gaokao.chsi.com.cn/zyk/zybk/detail/73384140,https://gaokao.chsi.com.cn/zyk/zybk/ksyxPage?specId=73384140,
工学,材料类,金属材料工程,080405,查看,4.1,https://gaokao.chsi.com.cn/zyk/zybk/detail/73384144,https://gaokao.chsi.com.cn/zyk/zybk/ksyxPage?specId=73384144,
工学,材料类,无机非金属材料工程,080406,查看,4.0,https://gaokao.chsi.com.cn/zyk/zybk/detail/73384148,https://gaokao.chsi.com.cn/zyk/zybk/ksyxPage?specId=73384148,
工学,材料类,高分子材料与工程,080407,查看,4.2,https://gaokao.chsi.com.cn/zyk/zybk/detail/73384152,https://gaokao.chsi.com.cn/zyk/zybk/ksyxPage?specId=73384152,
工学,材料类,复合材料与工程,080408,查看,4.1,https://gaokao.chsi.com.cn/zyk/zybk/detail/73384160,https://gaokao.chsi.com.cn/zyk/zybk/ksyxPage?specId=73384160,
工学,材料类,粉体材料科学与工程,080409,查看,3.9,https://gaokao.chsi.com.cn/zyk/zybk/detail/73384172,https://gaokao.chsi.com.cn/zyk/zybk/ksyxPage?specId=73384172,
工学,材料类,宝石及材料工艺学,080410,查看,3.9,https://gaokao.chsi.com.cn/zyk/zybk/detail/73384168,https://gaokao.chsi.com.cn/zyk/zybk/ksyxPage?specId=73384168,
工学,材料类,焊接技术与工程,080411,查看,4.3,https://gaokao.chsi.com.cn/zyk/zybk/detail/73384164,https://gaokao.chsi.com.cn/zyk/zybk/ksyxPage?specId=73384164,
工学,材料类,功能材料,080412,查看,3.9,https://gaokao.chsi.com.cn/zyk/zybk/detail/164251864,https://gaokao.chsi.com.cn/zyk/zybk/ksyxPage?specId=164251864,
工学,材料类,纳米材料与技术,080413,查看,4.2,https://gaokao.chsi.com.cn/zyk/zybk/detail/164251868,https://gaokao.chsi.com.cn/zyk/zybk/ksyxPage?specId=164251868,
工学,材料类,新能源材料与器件,080414,查看,4.1,https://gaokao.chsi.com.cn/zyk/zybk/detail/164251872,https://gaokao.chsi.com.cn/zyk/zybk/ksyxPage?specId=164251872,
工学,材料类,材料设计科学与工程,080415,-,-,,,
工学,材料类,复合材料成型工程,080416,-,-,,,
工学,材料类,智能材料与结构,080417,-,-,,,
工学,材料类,光电信息材料与器件,080418,-,-,,,
工学,材料类,生物材料,080419,-,-,,,
工学,材料类,材料智能技术,080420,-,-,,,
工学,材料类,电子信息材料,080421,-,-,,,
工学,材料类,软物质科学与工程,080422,-,-,,,
工学,材料类,稀土材料科学与工程,080423,-,-,,,
工学,能源动力类,能源与动力工程,080501,查看,4.2,https://gaokao.chsi.com.cn/zyk/zybk/detail/437286996,https://gaokao.chsi.com.cn/zyk/zybk/ksyxPage?specId=437286996,
工学,能源动力类,能源与环境系统工程,080502,查看,4.1,https://gaokao.chsi.com.cn/zyk/zybk/detail/73384280,https://gaokao.chsi.com.cn/zyk/zybk/ksyxPage?specId=73384280,
工学,能源动力类,新能源科学与工程,080503,查看,4.0,https://gaokao.chsi.com.cn/zyk/zybk/detail/213775269,https://gaokao.chsi.com.cn/zyk/zybk/ksyxPage?specId=213775269,
工学,能源动力类,储能科学与工程,080504,-,-,,,
工学,能源动力类,能源服务工程,080505,-,-,,,
工学,能源动力类,氢能科学与工程,080506,-,-,,,
工学,能源动力类,可持续能源,080507,-,-,,,
工学,电气类,电气工程及其自动化,080601,查看,4.4,https://gaokao.chsi.com.cn/zyk/zybk/detail/73384320,https://gaokao.chsi.com.cn/zyk/zybk/ksyxPage?specId=73384320,
工学,电气类,智能电网信息工程,080602,查看,4.6,https://gaokao.chsi.com.cn/zyk/zybk/detail/213778862,https://gaokao.chsi.com.cn/zyk/zybk/ksyxPage?specId=213778862,
工学,电气类,光源与照明,080603,查看,3.9,https://gaokao.chsi.com.cn/zyk/zybk/detail/213759848,https://gaokao.chsi.com.cn/zyk/zybk/ksyxPage?specId=213759848,
工学,电气类,电气工程与智能控制,080604,查看,4.6,https://gaokao.chsi.com.cn/zyk/zybk/detail/73384440,https://gaokao.chsi.com.cn/zyk/zybk/ksyxPage?specId=73384440,
工学,电气类,电机电器智能化,080605,-,-,,,
工学,电气类,电缆工程,080606,-,-,,,
工学,电气类,能源互联网工程,080607,-,-,,,
工学,电气类,智慧能源工程,080608,-,-,,,
工学,电气类,电动载运工程,080609,-,-,,,
工学,电气类,大功率半导体科学与工程,080610,-,-,,,
工学,电子信息类,电子信息工程,080701,查看,4.1,https://gaokao.chsi.com.cn/zyk/zybk/detail/73384328,https://gaokao.chsi.com.cn/zyk/zybk/ksyxPage?specId=73384328,
工学,电子信息类,电子科学与技术,080702,查看,4.1,https://gaokao.chsi.com.cn/zyk/zybk/detail/73384340,https://gaokao.chsi.com.cn/zyk/zybk/ksyxPage?specId=73384340,
工学,电子信息类,通信工程,080703,查看,4.1,https://gaokao.chsi.com.cn/zyk/zybk/detail/73384332,https://gaokao.chsi.com.cn/zyk/zybk/ksyxPage?specId=73384332,
工学,电子信息类,微电子科学与工程,080704,查看,4.2,https://gaokao.chsi.com.cn/zyk/zybk/detail/320924653,https://gaokao.chsi.com.cn/zyk/zybk/ksyxPage?specId=320924653,
工学,电子信息类,光电信息科学与工程,080705,查看,4.0,https://gaokao.chsi.com.cn/zyk/zybk/detail/437287064,https://gaokao.chsi.com.cn/zyk/zybk/ksyxPage?specId=437287064,
工学,电子信息类,信息工程,080706,查看,4.1,https://gaokao.chsi.com.cn/zyk/zybk/detail/73384352,https://gaokao.chsi.com.cn/zyk/zybk/ksyxPage?specId=73384352,
工学,电子信息类,广播电视工程,080707,查看,4.2,https://gaokao.chsi.com.cn/zyk/zybk/detail/73384380,https://gaokao.chsi.com.cn/zyk/zybk/ksyxPage?specId=73384380,
工学,电子信息类,水声工程,080708,查看,4.6,https://gaokao.chsi.com.cn/zyk/zybk/detail/213778858,https://gaokao.chsi.com.cn/zyk/zybk/ksyxPage?specId=213778858,
工学,电子信息类,电子封装技术,080709,查看,3.9,https://gaokao.chsi.com.cn/zyk/zybk/detail/73384192,https://gaokao.chsi.com.cn/zyk/zybk/ksyxPage?specId=73384192,
工学,电子信息类,集成电路设计与集成系统,080710,查看,4.2,https://gaokao.chsi.com.cn/zyk/zybk/detail/73384372,https://gaokao.chsi.com.cn/zyk/zybk/ksyxPage?specId=73384372,
工学,电子信息类,医学信息工程,080711,查看,3.7,https://gaokao.chsi.com.cn/zyk/zybk/detail/73384408,https://gaokao.chsi.com.cn/zyk/zybk/ksyxPage?specId=73384408,
工学,电子信息类,电磁场与无线技术,080712,查看,4.7,https://gaokao.chsi.com.cn/zyk/zybk/detail/73384432,https://gaokao.chsi.com.cn/zyk/zybk/ksyxPage?specId=73384432,
工学,电子信息类,电波传播与天线,080713,查看,4.4,https://gaokao.chsi.com.cn/zyk/zybk/detail/73384444,https://gaokao.chsi.com.cn/zyk/zybk/ksyxPage?specId=73384444,
工学,电子信息类,电子信息科学与技术,080714,查看,4.0,https://gaokao.chsi.com.cn/zyk/zybk/detail/73384004,https://gaokao.chsi.com.cn/zyk/zybk/ksyxPage?specId=73384004,
工学,电子信息类,电信工程及管理,080715,查看,4.3,https://gaokao.chsi.com.cn/zyk/zybk/detail/73384436,https://gaokao.chsi.com.cn/zyk/zybk/ksyxPage?specId=73384436,
工学,电子信息类,应用电子技术教育,080716,查看,3.7,https://gaokao.chsi.com.cn/zyk/zybk/detail/73383403,https://gaokao.chsi.com.cn/zyk/zybk/ksyxPage?specId=73383403,
工学,电子信息类,人工智能,080717,-,4.7,,,
工学,电子信息类,海洋信息工程,080718,-,-,,,
工学,电子信息类,柔性电子学,080719,-,5.0,,,
工学,电子信息类,智能测控工程,080720,-,-,,,
工学,电子信息类,智能视觉工程,080721,-,-,,,
工学,电子信息类,智能视听工程,080722,-,-,,,
工学,自动化类,自动化,080801,查看,4.2,https://gaokao.chsi.com.cn/zyk/zybk/detail/73384324,https://gaokao.chsi.com.cn/zyk/zybk/ksyxPage?specId=73384324,
工学,自动化类,轨道交通信号与控制,080802,查看,3.9,https://gaokao.chsi.com.cn/zyk/zybk/detail/437286956,https://gaokao.chsi.com.cn/zyk/zybk/ksyxPage?specId=437286956,
工学,自动化类,机器人工程,080803,-,4.6,,,
工学,自动化类,邮政工程,080804,-,4.9,,,
工学,自动化类,核电技术与控制工程,080805,-,-,,,
工学,自动化类,智能装备与系统,080806,-,-,,,
工学,自动化类,工业智能,080807,-,-,,,
工学,自动化类,智能工程与创意设计,080808,-,-,,,
工学,计算机类,计算机科学与技术,080901,查看,4.1,https://gaokao.chsi.com.cn/zyk/zybk/detail/73384336,https://gaokao.chsi.com.cn/zyk/zybk/ksyxPage?specId=73384336,
工学,计算机类,软件工程,080902,查看,4.1,https://gaokao.chsi.com.cn/zyk/zybk/detail/73384356,https://gaokao.chsi.com.cn/zyk/zybk/ksyxPage?specId=73384356,
工学,计算机类,网络工程,080903,查看,4.0,https://gaokao.chsi.com.cn/zyk/zybk/detail/73384364,https://gaokao.chsi.com.cn/zyk/zybk/ksyxPage?specId=73384364,
工学,计算机类,信息安全,080904,查看,4.2,https://gaokao.chsi.com.cn/zyk/zybk/detail/73384016,https://gaokao.chsi.com.cn/zyk/zybk/ksyxPage?specId=73384016,
工学,计算机类,物联网工程,080905,查看,4.1,https://gaokao.chsi.com.cn/zyk/zybk/detail/164251912,https://gaokao.chsi.com.cn/zyk/zybk/ksyxPage?specId=164251912,
工学,计算机类,数字媒体技术,080906,查看,4.0,https://gaokao.chsi.com.cn/zyk/zybk/detail/73384424,https://gaokao.chsi.com.cn/zyk/zybk/ksyxPage?specId=73384424,
工学,计算机类,智能科学与技术,080907,查看,4.4,https://gaokao.chsi.com.cn/zyk/zybk/detail/73384420,https://gaokao.chsi.com.cn/zyk/zybk/ksyxPage?specId=73384420,
工学,计算机类,空间信息与数字技术,080908,查看,4.1,https://gaokao.chsi.com.cn/zyk/zybk/detail/73384552,https://gaokao.chsi.com.cn/zyk/zybk/ksyxPage?specId=73384552,
工学,计算机类,电子与计算机工程,080909,查看,4.3,https://gaokao.chsi.com.cn/zyk/zybk/detail/164251908,https://gaokao.chsi.com.cn/zyk/zybk/ksyxPage?specId=164251908,
工学,计算机类,数据科学与大数据技术,080910,-,4.8,,,
工学,计算机类,网络空间安全,080911,-,3.9,,,
工学,计算机类,新媒体技术,080912,-,-,,,
工学,计算机类,电影制作,080913,-,-,,,
工学,计算机类,保密技术,080914,-,-,,,
工学,计算机类,服务科学与工程,080915,-,-,,,
工学,计算机类,虚拟现实技术,080916,-,4.9,,,
工学,计算机类,区块链工程,080917,-,5.0,,,
工学,计算机类,密码科学与技术,080918,-,-,,,
工学,计算机类,工业软件,080919,-,-,,,
工学,土木类,土木工程,081001,查看,4.3,https://gaokao.chsi.com.cn/zyk/zybk/detail/73384468,https://gaokao.chsi.com.cn/zyk/zybk/ksyxPage?specId=73384468,
工学,土木类,建筑环境与能源应用工程,081002,查看,4.3,https://gaokao.chsi.com.cn/zyk/zybk/detail/427392401,https://gaokao.chsi.com.cn/zyk/zybk/ksyxPage?specId=427392401,
工学,土木类,给排水科学与工程,081003,查看,4.3,https://gaokao.chsi.com.cn/zyk/zybk/detail/73384500,https://gaokao.chsi.com.cn/zyk/zybk/ksyxPage?specId=73384500,
工学,土木类,建筑电气与智能化,081004,查看,4.3,https://gaokao.chsi.com.cn/zyk/zybk/detail/73384504,https://gaokao.chsi.com.cn/zyk/zybk/ksyxPage?specId=73384504,
工学,土木类,城市地下空间工程,081005,查看,4.4,https://gaokao.chsi.com.cn/zyk/zybk/detail/73384480,https://gaokao.chsi.com.cn/zyk/zybk/ksyxPage?specId=73384480,
工学,土木类,道路桥梁与渡河工程,081006,查看,4.5,https://gaokao.chsi.com.cn/zyk/zybk/detail/73384516,https://gaokao.chsi.com.cn/zyk/zybk/ksyxPage?specId=73384516,
工学,土木类,铁道工程,081007,-,-,,,
工学,土木类,智能建造,081008,-,4.8,,,
工学,土木类,土木、水利与海洋工程,081009,-,-,,,
工学,土木类,土木、水利与交通工程,081010,-,-,,,
工学,土木类,城市水系统工程,081011,-,-,,,
工学,土木类,智能建造与智慧交通,081012,-,-,,,
工学,土木类,工程软件,081013,-,-,,,
工学,水利类,水利水电工程,081101,查看,4.3,https://gaokao.chsi.com.cn/zyk/zybk/detail/73384528,https://gaokao.chsi.com.cn/zyk/zybk/ksyxPage?specId=73384528,
工学,水利类,水文与水资源工程,081102,查看,4.2,https://gaokao.chsi.com.cn/zyk/zybk/detail/73384532,https://gaokao.chsi.com.cn/zyk/zybk/ksyxPage?specId=73384532,
工学,水利类,港口航道与海岸工程,081103,查看,4.2,https://gaokao.chsi.com.cn/zyk/zybk/detail/73384536,https://gaokao.chsi.com.cn/zyk/zybk/ksyxPage?specId=73384536,
工学,水利类,水务工程,081104,查看,4.1,https://gaokao.chsi.com.cn/zyk/zybk/detail/73384492,https://gaokao.chsi.com.cn/zyk/zybk/ksyxPage?specId=73384492,
工学,水利类,水利科学与工程,081105,-,-,,,
工学,水利类,智慧水利,081106,-,-,,,
工学,测绘类,测绘工程,081201,查看,4.3,https://gaokao.chsi.com.cn/zyk/zybk/detail/73384544,https://gaokao.chsi.com.cn/zyk/zybk/ksyxPage?specId=73384544,
工学,测绘类,遥感科学与技术,081202,查看,4.2,https://gaokao.chsi.com.cn/zyk/zybk/detail/73384548,https://gaokao.chsi.com.cn/zyk/zybk/ksyxPage?specId=73384548,
工学,测绘类,导航工程,081203,-,4.4,,,
工学,测绘类,地理国情监测,081204,查看,3.4,https://gaokao.chsi.com.cn/zyk/zybk/detail/320924802,https://gaokao.chsi.com.cn/zyk/zybk/ksyxPage?specId=320924802,
工学,测绘类,地理空间信息工程,081205,-,-,,,
工学,测绘类,时空信息工程,081206,-,-,,,
工学,化工与制药类,化学工程与工艺,081301,查看,4.2,https://gaokao.chsi.com.cn/zyk/zybk/detail/73384596,https://gaokao.chsi.com.cn/zyk/zybk/ksyxPage?specId=73384596,
工学,化工与制药类,制药工程,081302,查看,4.0,https://gaokao.chsi.com.cn/zyk/zybk/detail/73384600,https://gaokao.chsi.com.cn/zyk/zybk/ksyxPage?specId=73384600,
工学,化工与制药类,资源循环科学与工程,081303,查看,3.6,https://gaokao.chsi.com.cn/zyk/zybk/detail/213775265,https://gaokao.chsi.com.cn/zyk/zybk/ksyxPage?specId=213775265,
工学,化工与制药类,能源化学工程,081304,查看,3.8,https://gaokao.chsi.com.cn/zyk/zybk/detail/164210699,https://gaokao.chsi.com.cn/zyk/zybk/ksyxPage?specId=164210699,
工学,化工与制药类,化学工程与工业生物工程,081305,-,4.3,,,
工学,化工与制药类,化工安全工程,081306,-,3.9,,,
工学,化工与制药类,涂料工程,081307,-,-,,,
工学,化工与制药类,精细化工,081308,-,4.7,,,
工学,化工与制药类,智能分子工程,081309,-,-,,,
工学,地质类,地质工程,081401,查看,4.3,https://gaokao.chsi.com.cn/zyk/zybk/detail/73384120,https://gaokao.chsi.com.cn/zyk/zybk/ksyxPage?specId=73384120,
工学,地质类,勘查技术与工程,081402,查看,4.2,https://gaokao.chsi.com.cn/zyk/zybk/detail/73384112,https://gaokao.chsi.com.cn/zyk/zybk/ksyxPage?specId=73384112,
工学,地质类,资源勘查工程,081403,查看,4.0,https://gaokao.chsi.com.cn/zyk/zybk/detail/73384116,https://gaokao.chsi.com.cn/zyk/zybk/ksyxPage?specId=73384116,
工学,地质类,地下水科学与工程,081404,查看,4.1,https://gaokao.chsi.com.cn/zyk/zybk/detail/73384132,https://gaokao.chsi.com.cn/zyk/zybk/ksyxPage?specId=73384132,
工学,地质类,旅游地学与规划工程,081405,-,-,,,
工学,地质类,智能地球探测,081406,-,-,,,
工学,地质类,资源环境大数据工程,081407,-,-,,,
工学,矿业类,采矿工程,081501,查看,4.3,https://gaokao.chsi.com.cn/zyk/zybk/detail/73384100,https://gaokao.chsi.com.cn/zyk/zybk/ksyxPage?specId=73384100,
工学,矿业类,石油工程,081502,查看,4.2,https://gaokao.chsi.com.cn/zyk/zybk/detail/73384104,https://gaokao.chsi.com.cn/zyk/zybk/ksyxPage?specId=73384104,
工学,矿业类,矿物加工工程,081503,查看,3.9,https://gaokao.chsi.com.cn/zyk/zybk/detail/73384108,https://gaokao.chsi.com.cn/zyk/zybk/ksyxPage?specId=73384108,
工学,矿业类,油气储运工程,081504,查看,4.2,https://gaokao.chsi.com.cn/zyk/zybk/detail/73384632,https://gaokao.chsi.com.cn/zyk/zybk/ksyxPage?specId=73384632,
工学,矿业类,矿物资源工程,081505,查看,3.8,https://gaokao.chsi.com.cn/zyk/zybk/detail/73384124,https://gaokao.chsi.com.cn/zyk/zybk/ksyxPage?specId=73384124,
工学,矿业类,海洋油气工程,081506,查看,4.0,https://gaokao.chsi.com.cn/zyk/zybk/detail/213775261,https://gaokao.chsi.com.cn/zyk/zybk/ksyxPage?specId=213775261,
工学,矿业类,智能采矿工程,081507,-,-,,,
工学,矿业类,碳储科学与工程,081508,-,-,,,
工学,纺织类,纺织工程,081601,查看,3.8,https://gaokao.chsi.com.cn/zyk/zybk/detail/73384700,https://gaokao.chsi.com.cn/zyk/zybk/ksyxPage?specId=73384700,
工学,纺织类,服装设计与工程,081602,查看,4.1,https://gaokao.chsi.com.cn/zyk/zybk/detail/73384704,https://gaokao.chsi.com.cn/zyk/zybk/ksyxPage?specId=73384704,
工学,纺织类,非织造材料与工程,081603,查看,4.0,https://gaokao.chsi.com.cn/zyk/zybk/detail/73384728,https://gaokao.chsi.com.cn/zyk/zybk/ksyxPage?specId=73384728,
工学,纺织类,服装设计与工艺教育,081604,查看,3.8,https://gaokao.chsi.com.cn/zyk/zybk/detail/73383411,https://gaokao.chsi.com.cn/zyk/zybk/ksyxPage?specId=73383411,
工学,纺织类,丝绸设计与工程,081605,-,-,,,
工学,轻工类,轻化工程,081701,查看,3.7,https://gaokao.chsi.com.cn/zyk/zybk/detail/73384688,https://gaokao.chsi.com.cn/zyk/zybk/ksyxPage?specId=73384688,
工学,轻工类,包装工程,081702,查看,3.7,https://gaokao.chsi.com.cn/zyk/zybk/detail/73384692,https://gaokao.chsi.com.cn/zyk/zybk/ksyxPage?specId=73384692,
工学,轻工类,印刷工程,081703,查看,3.5,https://gaokao.chsi.com.cn/zyk/zybk/detail/73384696,https://gaokao.chsi.com.cn/zyk/zybk/ksyxPage?specId=73384696,
工学,轻工类,香料香精技术与工程,081704,-,-,,,
工学,轻工类,化妆品技术与工程,081705,-,4.3,,,
工学,轻工类,生物质能源与材料,081706,-,-,,,
工学,轻工类,生物质技术与工程,081707,-,-,,,
工学,交通运输类,交通运输,081801,查看,4.1,https://gaokao.chsi.com.cn/zyk/zybk/detail/73384624,https://gaokao.chsi.com.cn/zyk/zybk/ksyxPage?specId=73384624,
工学,交通运输类,交通工程,081802,查看,4.1,https://gaokao.chsi.com.cn/zyk/zybk/detail/73384628,https://gaokao.chsi.com.cn/zyk/zybk/ksyxPage?specId=73384628,
工学,交通运输类,航海技术,081803,查看,4.0,https://gaokao.chsi.com.cn/zyk/zybk/detail/73384640,https://gaokao.chsi.com.cn/zyk/zybk/ksyxPage?specId=73384640,
工学,交通运输类,轮机工程,081804,查看,4.2,https://gaokao.chsi.com.cn/zyk/zybk/detail/73384644,https://gaokao.chsi.com.cn/zyk/zybk/ksyxPage?specId=73384644,
工学,交通运输类,飞行技术,081805,查看,4.5,https://gaokao.chsi.com.cn/zyk/zybk/detail/73384636,https://gaokao.chsi.com.cn/zyk/zybk/ksyxPage?specId=73384636,
工学,交通运输类,交通设备与控制工程,081806,查看,4.0,https://gaokao.chsi.com.cn/zyk/zybk/detail/320934447,https://gaokao.chsi.com.cn/zyk/zybk/ksyxPage?specId=320934447,
工学,交通运输类,救助与打捞工程,081807,查看,4.5,https://gaokao.chsi.com.cn/zyk/zybk/detail/73384664,https://gaokao.chsi.com.cn/zyk/zybk/ksyxPage?specId=73384664,
工学,交通运输类,船舶电子电气工程,081808,查看,4.2,https://gaokao.chsi.com.cn/zyk/zybk/detail/73384448,https://gaokao.chsi.com.cn/zyk/zybk/ksyxPage?specId=73384448,
工学,交通运输类,轨道交通电气与控制,081809,-,-,,,
工学,交通运输类,邮轮工程与管理,081810,-,-,,,
工学,交通运输类,智慧交通,081811,-,5.0,,,
工学,交通运输类,智能运输工程,081812,-,-,,,
工学,海洋工程类,船舶与海洋工程,081901,查看,4.1,https://gaokao.chsi.com.cn/zyk/zybk/detail/73384676,https://gaokao.chsi.com.cn/zyk/zybk/ksyxPage?specId=73384676,
工学,海洋工程类,海洋工程与技术,081902,查看,3.0,https://gaokao.chsi.com.cn/zyk/zybk/detail/164210715,https://gaokao.chsi.com.cn/zyk/zybk/ksyxPage?specId=164210715,
工学,海洋工程类,海洋资源开发技术,081903,查看,3.7,https://gaokao.chsi.com.cn/zyk/zybk/detail/164210719,https://gaokao.chsi.com.cn/zyk/zybk/ksyxPage?specId=164210719,
工学,海洋工程类,海洋机器人,081904,-,-,,,
工学,海洋工程类,智慧海洋技术,081905,-,-,,,
工学,海洋工程类,智能海洋装备,081906,-,-,,,
工学,航空航天类,航空航天工程,082001,查看,3.7,https://gaokao.chsi.com.cn/zyk/zybk/detail/73384768,https://gaokao.chsi.com.cn/zyk/zybk/ksyxPage?specId=73384768,
工学,航空航天类,飞行器设计与工程,082002,查看,4.2,https://gaokao.chsi.com.cn/zyk/zybk/detail/73384752,https://gaokao.chsi.com.cn/zyk/zybk/ksyxPage?specId=73384752,
工学,航空航天类,飞行器制造工程,082003,查看,4.0,https://gaokao.chsi.com.cn/zyk/zybk/detail/73384760,https://gaokao.chsi.com.cn/zyk/zybk/ksyxPage?specId=73384760,
工学,航空航天类,飞行器动力工程,082004,查看,4.3,https://gaokao.chsi.com.cn/zyk/zybk/detail/73384756,https://gaokao.chsi.com.cn/zyk/zybk/ksyxPage?specId=73384756,
工学,航空航天类,飞行器环境与生命保障工程,082005,查看,3.6,https://gaokao.chsi.com.cn/zyk/zybk/detail/73384764,https://gaokao.chsi.com.cn/zyk/zybk/ksyxPage?specId=73384764,
工学,航空航天类,飞行器质量与可靠性,082006,-,4.0,,,
工学,航空航天类,飞行器适航技术,082007,查看,3.5,https://gaokao.chsi.com.cn/zyk/zybk/detail/213778866,https://gaokao.chsi.com.cn/zyk/zybk/ksyxPage?specId=213778866,
工学,航空航天类,飞行器控制与信息工程,082008,-,-,,,
工学,航空航天类,无人驾驶航空器系统工程,082009,-,-,,,
工学,航空航天类,智能飞行器技术,082010,-,-,,,
工学,航空航天类,空天智能电推进技术,082011,-,-,,,
工学,航空航天类,飞行器运维工程,082012,-,5.0,,,
工学,兵器类,武器系统与工程,082101,查看,4.2,https://gaokao.chsi.com.cn/zyk/zybk/detail/213778874,https://gaokao.chsi.com.cn/zyk/zybk/ksyxPage?specId=213778874,
工学,兵器类,武器发射工程,082102,查看,4.0,https://gaokao.chsi.com.cn/zyk/zybk/detail/73384788,https://gaokao.chsi.com.cn/zyk/zybk/ksyxPage?specId=73384788,
工学,兵器类,探测制导与控制技术,082103,查看,4.0,https://gaokao.chsi.com.cn/zyk/zybk/detail/73384792,https://gaokao.chsi.com.cn/zyk/zybk/ksyxPage?specId=73384792,
工学,兵器类,弹药工程与爆炸技术,082104,查看,4.4,https://gaokao.chsi.com.cn/zyk/zybk/detail/73384796,https://gaokao.chsi.com.cn/zyk/zybk/ksyxPage?specId=73384796,
工学,兵器类,特种能源技术与工程,082105,-,4.1,,,
工学,兵器类,装甲车辆工程,082106,-,3.9,,,
工学,兵器类,信息对抗技术,082107,查看,4.1,https://gaokao.chsi.com.cn/zyk/zybk/detail/73384808,https://gaokao.chsi.com.cn/zyk/zybk/ksyxPage?specId=73384808,
工学,兵器类,智能无人系统技术,082108,-,-,,,
工学,核工程类,核工程与核技术,082201,查看,4.0,https://gaokao.chsi.com.cn/zyk/zybk/detail/73384272,https://gaokao.chsi.com.cn/zyk/zybk/ksyxPage?specId=73384272,
工学,核工程类,辐射防护与核安全,082202,-,4.4,,,
工学,核工程类,工程物理,082203,-,4.1,,,
工学,核工程类,核化工与核燃料工程,082204,查看,3.5,https://gaokao.chsi.com.cn/zyk/zybk/detail/73384304,https://gaokao.chsi.com.cn/zyk/zybk/ksyxPage?specId=73384304,
工学,农业工程类,农业工程,082301,查看,4.0,https://gaokao.chsi.com.cn/zyk/zybk/detail/73384856,https://gaokao.chsi.com.cn/zyk/zybk/ksyxPage?specId=73384856,
工学,农业工程类,农业机械化及其自动化,082302,查看,4.1,https://gaokao.chsi.com.cn/zyk/zybk/detail/73384840,https://gaokao.chsi.com.cn/zyk/zybk/ksyxPage?specId=73384840,
工学,农业工程类,农业电气化,082303,查看,4.3,https://gaokao.chsi.com.cn/zyk/zybk/detail/73384844,https://gaokao.chsi.com.cn/zyk/zybk/ksyxPage?specId=73384844,
工学,农业工程类,农业建筑环境与能源工程,082304,查看,3.6,https://gaokao.chsi.com.cn/zyk/zybk/detail/73384848,https://gaokao.chsi.com.cn/zyk/zybk/ksyxPage?specId=73384848,
工学,农业工程类,农业水利工程,082305,查看,4.2,https://gaokao.chsi.com.cn/zyk/zybk/detail/73384852,https://gaokao.chsi.com.cn/zyk/zybk/ksyxPage?specId=73384852,
工学,农业工程类,土地整治工程,082306,-,3.5,,,
工学,农业工程类,农业智能装备工程,082307,-,-,,,
工学,林业工程类,森林工程,082401,查看,3.8,https://gaokao.chsi.com.cn/zyk/zybk/detail/73384864,https://gaokao.chsi.com.cn/zyk/zybk/ksyxPage?specId=73384864,
工学,林业工程类,木材科学与工程,082402,查看,3.8,https://gaokao.chsi.com.cn/zyk/zybk/detail/73384868,https://gaokao.chsi.com.cn/zyk/zybk/ksyxPage?specId=73384868,
工学,林业工程类,林产化工,082403,查看,3.6,https://gaokao.chsi.com.cn/zyk/zybk/detail/73384872,https://gaokao.chsi.com.cn/zyk/zybk/ksyxPage?specId=73384872,
工学,林业工程类,家具设计与工程,082404,-,-,,,
工学,林业工程类,木结构建筑与材料,082405,-,-,,,
工学,环境科学与工程类,环境科学与工程,082501,查看,4.3,https://gaokao.chsi.com.cn/zyk/zybk/detail/73384576,https://gaokao.chsi.com.cn/zyk/zybk/ksyxPage?specId=73384576,
工学,环境科学与工程类,环境工程,082502,查看,3.9,https://gaokao.chsi.com.cn/zyk/zybk/detail/73384560,https://gaokao.chsi.com.cn/zyk/zybk/ksyxPage?specId=73384560,
工学,环境科学与工程类,环境科学,082503,查看,3.9,https://gaokao.chsi.com.cn/zyk/zybk/detail/73384052,https://gaokao.chsi.com.cn/zyk/zybk/ksyxPage?specId=73384052,
工学,环境科学与工程类,环境生态工程,082504,-,4.1,,,
工学,环境科学与工程类,环保设备工程,082505,查看,3.8,https://gaokao.chsi.com.cn/zyk/zybk/detail/164210691,https://gaokao.chsi.com.cn/zyk/zybk/ksyxPage?specId=164210691,
工学,环境科学与工程类,资源环境科学,082506,查看,3.6,https://gaokao.chsi.com.cn/zyk/zybk/detail/73384060,https://gaokao.chsi.com.cn/zyk/zybk/ksyxPage?specId=73384060,
工学,环境科学与工程类,水质科学与技术,082507,查看,4.0,https://gaokao.chsi.com.cn/zyk/zybk/detail/73384568,https://gaokao.chsi.com.cn/zyk/zybk/ksyxPage?specId=73384568,
工学,生物医学工程类,生物医学工程,082601,查看,3.7,https://gaokao.chsi.com.cn/zyk/zybk/detail/73384344,https://gaokao.chsi.com.cn/zyk/zybk/ksyxPage?specId=73384344,
工学,生物医学工程类,假肢矫形工程,082602,-,-,,,
工学,生物医学工程类,临床工程技术,082603,-,-,,,
工学,生物医学工程类,康复工程,082604,-,-,,,
工学,生物医学工程类,健康科学与技术,082605,-,-,,,
工学,食品科学与工程类,食品科学与工程,082701,查看,4.0,https://gaokao.chsi.com.cn/zyk/zybk/detail/73384684,https://gaokao.chsi.com.cn/zyk/zybk/ksyxPage?specId=73384684,
工学,食品科学与工程类,食品质量与安全,082702,查看,4.0,https://gaokao.chsi.com.cn/zyk/zybk/detail/73384708,https://gaokao.chsi.com.cn/zyk/zybk/ksyxPage?specId=73384708,
工学,食品科学与工程类,粮食工程,082703,查看,4.2,https://gaokao.chsi.com.cn/zyk/zybk/detail/73384736,https://gaokao.chsi.com.cn/zyk/zybk/ksyxPage?specId=73384736,
工学,食品科学与工程类,乳品工程,082704,查看,4.2,https://gaokao.chsi.com.cn/zyk/zybk/detail/73384740,https://gaokao.chsi.com.cn/zyk/zybk/ksyxPage?specId=73384740,
工学,食品科学与工程类,酿酒工程,082705,查看,4.1,https://gaokao.chsi.com.cn/zyk/zybk/detail/73384712,https://gaokao.chsi.com.cn/zyk/zybk/ksyxPage?specId=73384712,
工学,食品科学与工程类,葡萄与葡萄酒工程,082706,查看,4.0,https://gaokao.chsi.com.cn/zyk/zybk/detail/73384716,https://gaokao.chsi.com.cn/zyk/zybk/ksyxPage?specId=73384716,
工学,食品科学与工程类,食品营养与检验教育,082707,查看,3.9,https://gaokao.chsi.com.cn/zyk/zybk/detail/73383423,https://gaokao.chsi.com.cn/zyk/zybk/ksyxPage?specId=73383423,
工学,食品科学与工程类,烹饪与营养教育,082708,查看,4.0,https://gaokao.chsi.com.cn/zyk/zybk/detail/73383427,https://gaokao.chsi.com.cn/zyk/zybk/ksyxPage?specId=73383427,
工学,食品科学与工程类,食品安全与检测,082709,-,-,,,
工学,食品科学与工程类,食品营养与健康,082710,-,-,,,
工学,食品科学与工程类,食用菌科学与工程,082711,-,-,,,
工学,食品科学与工程类,白酒酿造工程,082712,-,-,,,
工学,食品科学与工程类,咖啡科学与工程,082713,-,-,,,
工学,建筑类,建筑学,082801,查看,4.1,https://gaokao.chsi.com.cn/zyk/zybk/detail/73384460,https://gaokao.chsi.com.cn/zyk/zybk/ksyxPage?specId=73384460,
工学,建筑类,城乡规划,082802,查看,4.1,https://gaokao.chsi.com.cn/zyk/zybk/detail/73384464,https://gaokao.chsi.com.cn/zyk/zybk/ksyxPage?specId=73384464,
工学,建筑类,风景园林,082803,查看,4.1,https://gaokao.chsi.com.cn/zyk/zybk/detail/73384512,https://gaokao.chsi.com.cn/zyk/zybk/ksyxPage?specId=73384512,
工学,建筑类,历史建筑保护工程,082804,查看,4.1,https://gaokao.chsi.com.cn/zyk/zybk/detail/73384484,https://gaokao.chsi.com.cn/zyk/zybk/ksyxPage?specId=73384484,
工学,建筑类,人居环境科学与技术,082805,-,-,,,
工学,建筑类,城市设计,082806,-,-,,,
工学,建筑类,智慧建筑与建造,082807,-,-,,,
工学,安全科学与工程类,安全工程,082901,查看,4.3,https://gaokao.chsi.com.cn/zyk/zybk/detail/73384564,https://gaokao.chsi.com.cn/zyk/zybk/ksyxPage?specId=73384564,
工学,安全科学与工程类,应急技术与管理,082902,-,-,,,
工学,安全科学与工程类,职业卫生工程,082903,-,-,,,
工学,安全科学与工程类,安全生产监管,082904,-,-,,,
工学,安全科学与工程类,智慧应急,082905,-,-,,,
工学,生物工程类,生物工程,083001,查看,3.8,https://gaokao.chsi.com.cn/zyk/zybk/detail/73384828,https://gaokao.chsi.com.cn/zyk/zybk/ksyxPage?specId=73384828,
工学,生物工程类,生物制药,083002,查看,4.1,https://gaokao.chsi.com.cn/zyk/zybk/detail/164210703,https://gaokao.chsi.com.cn/zyk/zybk/ksyxPage?specId=164210703,
工学,生物工程类,合成生物学,083003,-,-,,,
工学,公安技术类,刑事科学技术,083101,查看,4.5,https://gaokao.chsi.com.cn/zyk/zybk/detail/73384876,https://gaokao.chsi.com.cn/zyk/zybk/ksyxPage?specId=73384876,
工学,公安技术类,消防工程,083102,查看,4.2,https://gaokao.chsi.com.cn/zyk/zybk/detail/73384880,https://gaokao.chsi.com.cn/zyk/zybk/ksyxPage?specId=73384880,
工学,公安技术类,交通管理工程,083103,查看,4.6,https://gaokao.chsi.com.cn/zyk/zybk/detail/73384888,https://gaokao.chsi.com.cn/zyk/zybk/ksyxPage?specId=73384888,
工学,公安技术类,安全防范工程,083104,查看,3.9,https://gaokao.chsi.com.cn/zyk/zybk/detail/73384884,https://gaokao.chsi.com.cn/zyk/zybk/ksyxPage?specId=73384884,
工学,公安技术类,公安视听技术,083105,-,4.4,,,
工学,公安技术类,抢险救援指挥与技术,083106,-,-,,,
工学,公安技术类,火灾勘查,083107,-,-,,,
工学,公安技术类,网络安全与执法,083108,查看,4.2,https://gaokao.chsi.com.cn/zyk/zybk/detail/213761144,https://gaokao.chsi.com.cn/zyk/zybk/ksyxPage?specId=213761144,
工学,公安技术类,核生化消防,083109,-,-,,,
工学,公安技术类,海警舰艇指挥与技术,083110,-,-,,,
工学,公安技术类,数据警务技术,083111,-,-,,,
工学,公安技术类,食品药品环境犯罪侦查技术,083112,-,-,,,
工学,交叉工程类,未来机器人,083201,-,-,,,
工学,交叉工程类,交叉工程,083202,-,-,,,
工学,交叉工程类,低空技术与工程,083203,-,-,,,
工学,交叉工程类,集成电路科学与工程,083204,-,-,,,
工学,交叉工程类,碳中和科学与工程,083205,-,-,,,
工学,交叉工程类,智慧城市与空间规划,083206,-,-,,,
农学,植物生产类,农学,090101,查看,4.1,https://gaokao.chsi.com.cn/zyk/zybk/detail/73384904,https://gaokao.chsi.com.cn/zyk/zybk/ksyxPage?specId=73384904,
农学,植物生产类,园艺,090102,查看,4.0,https://gaokao.chsi.com.cn/zyk/zybk/detail/73384908,https://gaokao.chsi.com.cn/zyk/zybk/ksyxPage?specId=73384908,
农学,植物生产类,植物保护,090103,查看,4.1,https://gaokao.chsi.com.cn/zyk/zybk/detail/73384912,https://gaokao.chsi.com.cn/zyk/zybk/ksyxPage?specId=73384912,
农学,植物生产类,植物科学与技术,090104,查看,3.8,https://gaokao.chsi.com.cn/zyk/zybk/detail/73384924,https://gaokao.chsi.com.cn/zyk/zybk/ksyxPage?specId=73384924,
农学,植物生产类,种子科学与工程,090105,查看,4.0,https://gaokao.chsi.com.cn/zyk/zybk/detail/73384928,https://gaokao.chsi.com.cn/zyk/zybk/ksyxPage?specId=73384928,
农学,植物生产类,设施农业科学与工程,090106,查看,3.9,https://gaokao.chsi.com.cn/zyk/zybk/detail/73384936,https://gaokao.chsi.com.cn/zyk/zybk/ksyxPage?specId=73384936,
农学,植物生产类,茶学,090107,查看,4.2,https://gaokao.chsi.com.cn/zyk/zybk/detail/73384916,https://gaokao.chsi.com.cn/zyk/zybk/ksyxPage?specId=73384916,
农学,植物生产类,烟草,090108,查看,4.0,https://gaokao.chsi.com.cn/zyk/zybk/detail/73384920,https://gaokao.chsi.com.cn/zyk/zybk/ksyxPage?specId=73384920,
农学,植物生产类,应用生物科学,090109,查看,3.7,https://gaokao.chsi.com.cn/zyk/zybk/detail/73384932,https://gaokao.chsi.com.cn/zyk/zybk/ksyxPage?specId=73384932,
农学,植物生产类,农艺教育,090110,查看,4.5,https://gaokao.chsi.com.cn/zyk/zybk/detail/73383363,https://gaokao.chsi.com.cn/zyk/zybk/ksyxPage?specId=73383363,
农学,植物生产类,园艺教育,090111,查看,3.8,https://gaokao.chsi.com.cn/zyk/zybk/detail/73383367,https://gaokao.chsi.com.cn/zyk/zybk/ksyxPage?specId=73383367,
农学,植物生产类,智慧农业,090112,-,-,,,
农学,植物生产类,菌物科学与工程,090113,-,-,,,
农学,植物生产类,农药化肥,090114,-,-,,,
农学,植物生产类,生物农药科学与工程,090115,-,-,,,
农学,植物生产类,生物育种科学,090116,-,-,,,
农学,植物生产类,生物育种技术,090117,-,-,,,
农学,自然保护与环境生态类,农业资源与环境,090201,查看,3.8,https://gaokao.chsi.com.cn/zyk/zybk/detail/73384988,https://gaokao.chsi.com.cn/zyk/zybk/ksyxPage?specId=73384988,
农学,自然保护与环境生态类,野生动物与自然保护区管理,090202,查看,3.8,https://gaokao.chsi.com.cn/zyk/zybk/detail/73384968,https://gaokao.chsi.com.cn/zyk/zybk/ksyxPage?specId=73384968,
农学,自然保护与环境生态类,水土保持与荒漠化防治,090203,查看,4.1,https://gaokao.chsi.com.cn/zyk/zybk/detail/73384984,https://gaokao.chsi.com.cn/zyk/zybk/ksyxPage?specId=73384984,
农学,自然保护与环境生态类,生物质科学与工程,090204,-,-,,,
农学,自然保护与环境生态类,土地科学与技术,090205,-,-,,,
农学,自然保护与环境生态类,湿地保护与恢复,090206,-,4.4,,,
农学,自然保护与环境生态类,国家公园建设与管理,090207,-,-,,,
农学,自然保护与环境生态类,生态修复学,090208,-,-,,,
农学,动物生产类,动物科学,090301,查看,4.1,https://gaokao.chsi.com.cn/zyk/zybk/detail/73385000,https://gaokao.chsi.com.cn/zyk/zybk/ksyxPage?specId=73385000,
农学,动物生产类,蚕学,090302,查看,3.3,https://gaokao.chsi.com.cn/zyk/zybk/detail/73385004,https://gaokao.chsi.com.cn/zyk/zybk/ksyxPage?specId=73385004,
农学,动物生产类,蜂学,090303,查看,3.9,https://gaokao.chsi.com.cn/zyk/zybk/detail/73385008,https://gaokao.chsi.com.cn/zyk/zybk/ksyxPage?specId=73385008,
农学,动物生产类,经济动物学,090304,-,-,,,
农学,动物生产类,马业科学,090305,-,-,,,
农学,动物生产类,饲料工程,090306,-,-,,,
农学,动物生产类,智慧牧业科学与工程,090307,-,-,,,
农学,动物医学类,动物医学,090401,查看,4.4,https://gaokao.chsi.com.cn/zyk/zybk/detail/73385016,https://gaokao.chsi.com.cn/zyk/zybk/ksyxPage?specId=73385016,
农学,动物医学类,动物药学,090402,查看,4.1,https://gaokao.chsi.com.cn/zyk/zybk/detail/73385020,https://gaokao.chsi.com.cn/zyk/zybk/ksyxPage?specId=73385020,
农学,动物医学类,动植物检疫,090403,查看,3.9,https://gaokao.chsi.com.cn/zyk/zybk/detail/73383867,https://gaokao.chsi.com.cn/zyk/zybk/ksyxPage?specId=73383867,
农学,动物医学类,实验动物学,090404,-,-,,,
农学,动物医学类,中兽医学,090405,-,-,,,
农学,动物医学类,兽医公共卫生,090406,-,-,,,
农学,林学类,林学,090501,查看,4.0,https://gaokao.chsi.com.cn/zyk/zybk/detail/73384960,https://gaokao.chsi.com.cn/zyk/zybk/ksyxPage?specId=73384960,
农学,林学类,园林,090502,查看,4.2,https://gaokao.chsi.com.cn/zyk/zybk/detail/73384980,https://gaokao.chsi.com.cn/zyk/zybk/ksyxPage?specId=73384980,
农学,林学类,森林保护,090503,-,4.1,,,
农学,林学类,经济林,090504,-,-,,,
农学,林学类,智慧林业,090505,-,-,,,
农学,水产类,水产养殖学,090601,查看,4.0,https://gaokao.chsi.com.cn/zyk/zybk/detail/73385028,https://gaokao.chsi.com.cn/zyk/zybk/ksyxPage?specId=73385028,
农学,水产类,海洋渔业科学与技术,090602,查看,3.5,https://gaokao.chsi.com.cn/zyk/zybk/detail/73385032,https://gaokao.chsi.com.cn/zyk/zybk/ksyxPage?specId=73385032,
农学,水产类,水族科学与技术,090603,查看,3.8,https://gaokao.chsi.com.cn/zyk/zybk/detail/73385036,https://gaokao.chsi.com.cn/zyk/zybk/ksyxPage?specId=73385036,
农学,水产类,水生动物医学,090604,-,4.9,,,
农学,草学类,草业科学,090701,查看,3.7,https://gaokao.chsi.com.cn/zyk/zybk/detail/73384948,https://gaokao.chsi.com.cn/zyk/zybk/ksyxPage?specId=73384948,
农学,草学类,草坪科学与工程,090702,-,-,,,
医学,基础医学类,基础医学,100101,查看,3.3,https://gaokao.chsi.com.cn/zyk/zybk/detail/73385044,https://gaokao.chsi.com.cn/zyk/zybk/ksyxPage?specId=73385044,
医学,基础医学类,生物医学,100102,-,-,,,
医学,基础医学类,生物医学科学,100103,-,-,,,
医学,临床医学类,临床医学,100201,查看,4.2,https://gaokao.chsi.com.cn/zyk/zybk/detail/73385072,https://gaokao.chsi.com.cn/zyk/zybk/ksyxPage?specId=73385072,
医学,临床医学类,麻醉学,100202,查看,4.4,https://gaokao.chsi.com.cn/zyk/zybk/detail/73385076,https://gaokao.chsi.com.cn/zyk/zybk/ksyxPage?specId=73385076,
医学,临床医学类,医学影像学,100203,查看,4.4,https://gaokao.chsi.com.cn/zyk/zybk/detail/73385080,https://gaokao.chsi.com.cn/zyk/zybk/ksyxPage?specId=73385080,
医学,临床医学类,眼视光医学,100204,-,4.3,,,
医学,临床医学类,精神医学,100205,查看,4.4,https://gaokao.chsi.com.cn/zyk/zybk/detail/73385100,https://gaokao.chsi.com.cn/zyk/zybk/ksyxPage?specId=73385100,
医学,临床医学类,放射医学,100206,查看,4.3,https://gaokao.chsi.com.cn/zyk/zybk/detail/73385088,https://gaokao.chsi.com.cn/zyk/zybk/ksyxPage?specId=73385088,
医学,临床医学类,儿科学,100207,-,4.5,,,
医学,口腔医学类,口腔医学,100301,查看,4.4,https://gaokao.chsi.com.cn/zyk/zybk/detail/73385128,https://gaokao.chsi.com.cn/zyk/zybk/ksyxPage?specId=73385128,
医学,公共卫生与预防医学类,预防医学,100401,查看,3.9,https://gaokao.chsi.com.cn/zyk/zybk/detail/73385052,https://gaokao.chsi.com.cn/zyk/zybk/ksyxPage?specId=73385052,
医学,公共卫生与预防医学类,食品卫生与营养学,100402,查看,3.5,https://gaokao.chsi.com.cn/zyk/zybk/detail/437287056,https://gaokao.chsi.com.cn/zyk/zybk/ksyxPage?specId=437287056,
医学,公共卫生与预防医学类,妇幼保健医学,100403,-,-,,,
医学,公共卫生与预防医学类,卫生监督,100404,-,-,,,
医学,公共卫生与预防医学类,全球健康学,100405,-,-,,,
医学,公共卫生与预防医学类,运动与公共健康,100406,-,-,,,
医学,中医学类,中医学,100501,查看,3.9,https://gaokao.chsi.com.cn/zyk/zybk/detail/73385140,https://gaokao.chsi.com.cn/zyk/zybk/ksyxPage?specId=73385140,
医学,中医学类,针灸推拿学,100502,查看,4.2,https://gaokao.chsi.com.cn/zyk/zybk/detail/73385144,https://gaokao.chsi.com.cn/zyk/zybk/ksyxPage?specId=73385144,
医学,中医学类,藏医学,100503,查看,4.3,https://gaokao.chsi.com.cn/zyk/zybk/detail/73385152,https://gaokao.chsi.com.cn/zyk/zybk/ksyxPage?specId=73385152,
医学,中医学类,蒙医学,100504,查看,4.8,https://gaokao.chsi.com.cn/zyk/zybk/detail/73385148,https://gaokao.chsi.com.cn/zyk/zybk/ksyxPage?specId=73385148,
医学,中医学类,维医学,100505,查看,4.4,https://gaokao.chsi.com.cn/zyk/zybk/detail/73385160,https://gaokao.chsi.com.cn/zyk/zybk/ksyxPage?specId=73385160,
医学,中医学类,壮医学,100506,查看,3.4,https://gaokao.chsi.com.cn/zyk/zybk/detail/213778886,https://gaokao.chsi.com.cn/zyk/zybk/ksyxPage?specId=213778886,
医学,中医学类,哈医学,100507,-,-,,,
医学,中医学类,傣医学,100508,-,-,,,
医学,中医学类,回医学,100509,-,-,,,
医学,中医学类,中医康复学,100510,-,3.5,,,
医学,中医学类,中医养生学,100511,-,-,,,
医学,中医学类,中医儿科学,100512,-,-,,,
医学,中医学类,中医骨伤科学,100513,-,4.7,,,
医学,中西医结合类,中西医临床医学,100601,查看,3.6,https://gaokao.chsi.com.cn/zyk/zybk/detail/73385156,https://gaokao.chsi.com.cn/zyk/zybk/ksyxPage?specId=73385156,
医学,药学类,药学,100701,查看,4.2,https://gaokao.chsi.com.cn/zyk/zybk/detail/73385188,https://gaokao.chsi.com.cn/zyk/zybk/ksyxPage?specId=73385188,
医学,药学类,药物制剂,100702,查看,4.1,https://gaokao.chsi.com.cn/zyk/zybk/detail/73385196,https://gaokao.chsi.com.cn/zyk/zybk/ksyxPage?specId=73385196,
医学,药学类,临床药学,100703,查看,3.9,https://gaokao.chsi.com.cn/zyk/zybk/detail/73385212,https://gaokao.chsi.com.cn/zyk/zybk/ksyxPage?specId=73385212,
医学,药学类,药事管理,100704,查看,4.2,https://gaokao.chsi.com.cn/zyk/zybk/detail/73385220,https://gaokao.chsi.com.cn/zyk/zybk/ksyxPage?specId=73385220,
医学,药学类,药物分析,100705,查看,4.4,https://gaokao.chsi.com.cn/zyk/zybk/detail/213778894,https://gaokao.chsi.com.cn/zyk/zybk/ksyxPage?specId=213778894,
医学,药学类,药物化学,100706,查看,4.4,https://gaokao.chsi.com.cn/zyk/zybk/detail/213778898,https://gaokao.chsi.com.cn/zyk/zybk/ksyxPage?specId=213778898,
医学,药学类,海洋药学,100707,查看,3.7,https://gaokao.chsi.com.cn/zyk/zybk/detail/73385216,https://gaokao.chsi.com.cn/zyk/zybk/ksyxPage?specId=73385216,
医学,药学类,化妆品科学与技术,100708,-,-,,,
医学,药学类,药物经济与管理,100709,-,-,,,
医学,中药学类,中药学,100801,查看,4.1,https://gaokao.chsi.com.cn/zyk/zybk/detail/73385192,https://gaokao.chsi.com.cn/zyk/zybk/ksyxPage?specId=73385192,
医学,中药学类,中药资源与开发,100802,查看,3.8,https://gaokao.chsi.com.cn/zyk/zybk/detail/73385208,https://gaokao.chsi.com.cn/zyk/zybk/ksyxPage?specId=73385208,
医学,中药学类,藏药学,100803,查看,3.4,https://gaokao.chsi.com.cn/zyk/zybk/detail/73385204,https://gaokao.chsi.com.cn/zyk/zybk/ksyxPage?specId=73385204,
医学,中药学类,蒙药学,100804,查看,4.4,https://gaokao.chsi.com.cn/zyk/zybk/detail/73385224,https://gaokao.chsi.com.cn/zyk/zybk/ksyxPage?specId=73385224,
医学,中药学类,中药制药,100805,查看,4.0,https://gaokao.chsi.com.cn/zyk/zybk/detail/164242631,https://gaokao.chsi.com.cn/zyk/zybk/ksyxPage?specId=164242631,
医学,中药学类,中草药栽培与鉴定,100806,查看,3.5,https://gaokao.chsi.com.cn/zyk/zybk/detail/73385200,https://gaokao.chsi.com.cn/zyk/zybk/ksyxPage?specId=73385200,
医学,法医学类,法医学,100901,查看,4.3,https://gaokao.chsi.com.cn/zyk/zybk/detail/73385164,https://gaokao.chsi.com.cn/zyk/zybk/ksyxPage?specId=73385164,
医学,医学技术类,医学检验技术,101001,查看,4.3,https://gaokao.chsi.com.cn/zyk/zybk/detail/73385084,https://gaokao.chsi.com.cn/zyk/zybk/ksyxPage?specId=73385084,
医学,医学技术类,医学实验技术,101002,-,3.8,,,
医学,医学技术类,医学影像技术,101003,查看,3.9,https://gaokao.chsi.com.cn/zyk/zybk/detail/433435892,https://gaokao.chsi.com.cn/zyk/zybk/ksyxPage?specId=433435892,
医学,医学技术类,眼视光学,101004,查看,4.1,https://gaokao.chsi.com.cn/zyk/zybk/detail/73385092,https://gaokao.chsi.com.cn/zyk/zybk/ksyxPage?specId=73385092,
医学,医学技术类,康复治疗学,101005,查看,4.1,https://gaokao.chsi.com.cn/zyk/zybk/detail/73385096,https://gaokao.chsi.com.cn/zyk/zybk/ksyxPage?specId=73385096,
医学,医学技术类,口腔医学技术,101006,-,4.0,,,
医学,医学技术类,卫生检验与检疫,101007,查看,3.8,https://gaokao.chsi.com.cn/zyk/zybk/detail/73385056,https://gaokao.chsi.com.cn/zyk/zybk/ksyxPage?specId=73385056,
医学,医学技术类,听力与言语康复学,101008,-,3.7,,,
医学,医学技术类,康复物理治疗,101009,-,-,,,
医学,医学技术类,康复作业治疗,101010,-,-,,,
医学,医学技术类,智能医学工程,101011,-,4.2,,,
医学,医学技术类,生物医药数据科学,101012,-,-,,,
医学,医学技术类,智能影像工程,101013,-,-,,,
医学,医学技术类,医工学,101014,-,-,,,
医学,医学技术类,医疗器械与装备工程,101015,-,-,,,
医学,医学技术类,健康与医疗保障,101016,-,-,,,
医学,医学技术类,老年医学与健康,101017,-,-,,,
医学,护理学类,护理学,101101,查看,4.3,https://gaokao.chsi.com.cn/zyk/zybk/detail/73385172,https://gaokao.chsi.com.cn/zyk/zybk/ksyxPage?specId=73385172,
医学,护理学类,助产学,101102,-,-,,,
管理学,管理科学与工程类,管理科学,120101,查看,4.0,https://gaokao.chsi.com.cn/zyk/zybk/detail/73385236,https://gaokao.chsi.com.cn/zyk/zybk/ksyxPage?specId=73385236,
管理学,管理科学与工程类,信息管理与信息系统,120102,查看,3.9,https://gaokao.chsi.com.cn/zyk/zybk/detail/73385240,https://gaokao.chsi.com.cn/zyk/zybk/ksyxPage?specId=73385240,
管理学,管理科学与工程类,工程管理,120103,查看,4.3,https://gaokao.chsi.com.cn/zyk/zybk/detail/73385248,https://gaokao.chsi.com.cn/zyk/zybk/ksyxPage?specId=73385248,
管理学,管理科学与工程类,房地产开发与管理,120104,查看,4.1,https://gaokao.chsi.com.cn/zyk/zybk/detail/73385256,https://gaokao.chsi.com.cn/zyk/zybk/ksyxPage?specId=73385256,
管理学,管理科学与工程类,工程造价,120105,查看,4.3,https://gaokao.chsi.com.cn/zyk/zybk/detail/73385252,https://gaokao.chsi.com.cn/zyk/zybk/ksyxPage?specId=73385252,
管理学,管理科学与工程类,保密管理,120106,-,3.1,,,
管理学,管理科学与工程类,邮政管理,120107,-,4.8,,,
管理学,管理科学与工程类,大数据管理与应用,120108,-,4.7,,,
管理学,管理科学与工程类,工程审计,120109,-,4.7,,,
管理学,管理科学与工程类,计算金融,120110,-,-,,,
管理学,管理科学与工程类,应急管理,120111,-,-,,,
管理学,工商管理类,工商管理,120201,查看,4.2,https://gaokao.chsi.com.cn/zyk/zybk/detail/73385276,https://gaokao.chsi.com.cn/zyk/zybk/ksyxPage?specId=73385276,
管理学,工商管理类,市场营销,120202,查看,4.2,https://gaokao.chsi.com.cn/zyk/zybk/detail/73385280,https://gaokao.chsi.com.cn/zyk/zybk/ksyxPage?specId=73385280,
管理学,工商管理类,会计学,120203,查看,4.4,https://gaokao.chsi.com.cn/zyk/zybk/detail/73385284,https://gaokao.chsi.com.cn/zyk/zybk/ksyxPage?specId=73385284,
管理学,工商管理类,财务管理,120204,查看,4.4,https://gaokao.chsi.com.cn/zyk/zybk/detail/73385288,https://gaokao.chsi.com.cn/zyk/zybk/ksyxPage?specId=73385288,
管理学,工商管理类,国际商务,120205,查看,4.0,https://gaokao.chsi.com.cn/zyk/zybk/detail/73385316,https://gaokao.chsi.com.cn/zyk/zybk/ksyxPage?specId=73385316,
管理学,工商管理类,人力资源管理,120206,查看,4.3,https://gaokao.chsi.com.cn/zyk/zybk/detail/73385292,https://gaokao.chsi.com.cn/zyk/zybk/ksyxPage?specId=73385292,
管理学,工商管理类,审计学,120207,查看,4.4,https://gaokao.chsi.com.cn/zyk/zybk/detail/73385304,https://gaokao.chsi.com.cn/zyk/zybk/ksyxPage?specId=73385304,
管理学,工商管理类,资产评估,120208,查看,4.3,https://gaokao.chsi.com.cn/zyk/zybk/detail/73385332,https://gaokao.chsi.com.cn/zyk/zybk/ksyxPage?specId=73385332,
管理学,工商管理类,物业管理,120209,查看,4.1,https://gaokao.chsi.com.cn/zyk/zybk/detail/73385320,https://gaokao.chsi.com.cn/zyk/zybk/ksyxPage?specId=73385320,
管理学,工商管理类,文化产业管理,120210,查看,3.8,https://gaokao.chsi.com.cn/zyk/zybk/detail/73385388,https://gaokao.chsi.com.cn/zyk/zybk/ksyxPage?specId=73385388,
管理学,工商管理类,劳动关系,120211,查看,4.0,https://gaokao.chsi.com.cn/zyk/zybk/detail/73385404,https://gaokao.chsi.com.cn/zyk/zybk/ksyxPage?specId=73385404,
管理学,工商管理类,体育经济与管理,120212,-,3.8,,,
管理学,工商管理类,财务会计教育,120213,查看,4.1,https://gaokao.chsi.com.cn/zyk/zybk/detail/73383431,https://gaokao.chsi.com.cn/zyk/zybk/ksyxPage?specId=73383431,
管理学,工商管理类,市场营销教育,120214,查看,4.2,https://gaokao.chsi.com.cn/zyk/zybk/detail/73383439,https://gaokao.chsi.com.cn/zyk/zybk/ksyxPage?specId=73383439,
管理学,工商管理类,零售业管理,120215,-,-,,,
管理学,工商管理类,创业管理,120216,-,-,,,
管理学,工商管理类,海关稽查,120217,-,-,,,
管理学,工商管理类,内部审计,120218,-,-,,,
管理学,农业经济管理类,农林经济管理,120301,查看,3.9,https://gaokao.chsi.com.cn/zyk/zybk/detail/73385432,https://gaokao.chsi.com.cn/zyk/zybk/ksyxPage?specId=73385432,
管理学,农业经济管理类,农村区域发展,120302,查看,3.7,https://gaokao.chsi.com.cn/zyk/zybk/detail/73385436,https://gaokao.chsi.com.cn/zyk/zybk/ksyxPage?specId=73385436,
管理学,农业经济管理类,乡村治理,120303,-,-,,,
管理学,公共管理类,公共事业管理,120401,查看,3.7,https://gaokao.chsi.com.cn/zyk/zybk/detail/73385360,https://gaokao.chsi.com.cn/zyk/zybk/ksyxPage?specId=73385360,
管理学,公共管理类,行政管理,120402,查看,4.1,https://gaokao.chsi.com.cn/zyk/zybk/detail/73385356,https://gaokao.chsi.com.cn/zyk/zybk/ksyxPage?specId=73385356,
管理学,公共管理类,劳动与社会保障,120403,查看,4.0,https://gaokao.chsi.com.cn/zyk/zybk/detail/73385364,https://gaokao.chsi.com.cn/zyk/zybk/ksyxPage?specId=73385364,
管理学,公共管理类,土地资源管理,120404,查看,4.1,https://gaokao.chsi.com.cn/zyk/zybk/detail/73385368,https://gaokao.chsi.com.cn/zyk/zybk/ksyxPage?specId=73385368,
管理学,公共管理类,城市管理,120405,查看,3.8,https://gaokao.chsi.com.cn/zyk/zybk/detail/73385380,https://gaokao.chsi.com.cn/zyk/zybk/ksyxPage?specId=73385380,
管理学,公共管理类,海关管理,120406,查看,3.9,https://gaokao.chsi.com.cn/zyk/zybk/detail/213764508,https://gaokao.chsi.com.cn/zyk/zybk/ksyxPage?specId=213764508,
管理学,公共管理类,交通管理,120407,-,4.1,,,
管理学,公共管理类,海事管理,120408,查看,4.0,https://gaokao.chsi.com.cn/zyk/zybk/detail/73384652,https://gaokao.chsi.com.cn/zyk/zybk/ksyxPage?specId=73384652,
管理学,公共管理类,公共关系学,120409,查看,4.3,https://gaokao.chsi.com.cn/zyk/zybk/detail/73385372,https://gaokao.chsi.com.cn/zyk/zybk/ksyxPage?specId=73385372,
管理学,公共管理类,健康服务与管理,120410,-,4.8,,,
管理学,公共管理类,海警后勤管理,120411,-,-,,,
管理学,公共管理类,医疗产品管理,120412,-,-,,,
管理学,公共管理类,医疗保险,120413,-,-,,,
管理学,公共管理类,养老服务管理,120414,-,-,,,
管理学,公共管理类,海关检验检疫安全,120415,-,-,,,
管理学,公共管理类,海外安全管理,120416,-,-,,,
管理学,公共管理类,自然资源登记与管理,120417,-,-,,,
管理学,公共管理类,慈善管理,120418,-,-,,,
管理学,公共管理类,航空安防管理,120419,-,-,,,
管理学,公共管理类,无障碍管理,120420,-,-,,,
管理学,公共管理类,人才发展与管理,120421,-,-,,,
管理学,图书情报与档案管理类,图书馆学,120501,查看,4.1,https://gaokao.chsi.com.cn/zyk/zybk/detail/73385448,https://gaokao.chsi.com.cn/zyk/zybk/ksyxPage?specId=73385448,
管理学,图书情报与档案管理类,档案学,120502,查看,4.2,https://gaokao.chsi.com.cn/zyk/zybk/detail/73385452,https://gaokao.chsi.com.cn/zyk/zybk/ksyxPage?specId=73385452,
管理学,图书情报与档案管理类,信息资源管理,120503,查看,3.6,https://gaokao.chsi.com.cn/zyk/zybk/detail/73385456,https://gaokao.chsi.com.cn/zyk/zybk/ksyxPage?specId=73385456,
管理学,物流管理与工程类,物流管理,120601,查看,4.1,https://gaokao.chsi.com.cn/zyk/zybk/detail/73385312,https://gaokao.chsi.com.cn/zyk/zybk/ksyxPage?specId=73385312,
管理学,物流管理与工程类,物流工程,120602,查看,4.0,https://gaokao.chsi.com.cn/zyk/zybk/detail/73384648,https://gaokao.chsi.com.cn/zyk/zybk/ksyxPage?specId=73384648,
管理学,物流管理与工程类,采购管理,120603,-,3.9,,,
管理学,物流管理与工程类,供应链管理,120604,-,4.9,,,
管理学,工业工程类,工业工程,120701,查看,4.2,https://gaokao.chsi.com.cn/zyk/zybk/detail/73385244,https://gaokao.chsi.com.cn/zyk/zybk/ksyxPage?specId=73385244,
管理学,工业工程类,标准化工程,120702,查看,4.0,https://gaokao.chsi.com.cn/zyk/zybk/detail/213764500,https://gaokao.chsi.com.cn/zyk/zybk/ksyxPage?specId=213764500,
管理学,工业工程类,质量管理工程,120703,查看,4.2,https://gaokao.chsi.com.cn/zyk/zybk/detail/73385260,https://gaokao.chsi.com.cn/zyk/zybk/ksyxPage?specId=73385260,
管理学,电子商务类,电子商务,120801,查看,4.0,https://gaokao.chsi.com.cn/zyk/zybk/detail/73385308,https://gaokao.chsi.com.cn/zyk/zybk/ksyxPage?specId=73385308,
管理学,电子商务类,电子商务及法律,120802,查看,4.2,https://gaokao.chsi.com.cn/zyk/zybk/detail/73385336,https://gaokao.chsi.com.cn/zyk/zybk/ksyxPage?specId=73385336,
管理学,电子商务类,跨境电子商务,120803,-,4.9,,,
管理学,旅游管理类,旅游管理,120901,查看,3.9,https://gaokao.chsi.com.cn/zyk/zybk/detail/73385296,https://gaokao.chsi.com.cn/zyk/zybk/ksyxPage?specId=73385296,
管理学,旅游管理类,酒店管理,120902,查看,3.7,https://gaokao.chsi.com.cn/zyk/zybk/detail/73385344,https://gaokao.chsi.com.cn/zyk/zybk/ksyxPage?specId=73385344,
管理学,旅游管理类,会展经济与管理,120903,查看,3.8,https://gaokao.chsi.com.cn/zyk/zybk/detail/73385392,https://gaokao.chsi.com.cn/zyk/zybk/ksyxPage?specId=73385392,
管理学,旅游管理类,旅游管理与服务教育,120904,查看,3.8,https://gaokao.chsi.com.cn/zyk/zybk/detail/73383419,https://gaokao.chsi.com.cn/zyk/zybk/ksyxPage?specId=73383419,
管理学,旅游管理类,国际邮轮管理,120905,-,-,,,
艺术学,艺术学理论类,艺术史论,130101,-,3.7,,,
艺术学,艺术学理论类,艺术管理,130102,-,-,,,
艺术学,艺术学理论类,非物质文化遗产保护,130103,-,-,,,
艺术学,音乐与舞蹈学类,音乐表演,130201,查看,4.3,https://gaokao.chsi.com.cn/zyk/zybk/detail/73383635,https://gaokao.chsi.com.cn/zyk/zybk/ksyxPage?specId=73383635,
艺术学,音乐与舞蹈学类,音乐学,130202,查看,4.3,https://gaokao.chsi.com.cn/zyk/zybk/detail/73383627,https://gaokao.chsi.com.cn/zyk/zybk/ksyxPage?specId=73383627,
艺术学,音乐与舞蹈学类,作曲与作曲技术理论,130203,查看,4.5,https://gaokao.chsi.com.cn/zyk/zybk/detail/73383631,https://gaokao.chsi.com.cn/zyk/zybk/ksyxPage?specId=73383631,
艺术学,音乐与舞蹈学类,舞蹈表演,130204,查看,4.4,https://gaokao.chsi.com.cn/zyk/zybk/detail/433435864,https://gaokao.chsi.com.cn/zyk/zybk/ksyxPage?specId=433435864,
艺术学,音乐与舞蹈学类,舞蹈学,130205,查看,4.4,https://gaokao.chsi.com.cn/zyk/zybk/detail/73383659,https://gaokao.chsi.com.cn/zyk/zybk/ksyxPage?specId=73383659,
艺术学,音乐与舞蹈学类,舞蹈编导,130206,-,4.5,,,
艺术学,音乐与舞蹈学类,舞蹈教育,130207,-,-,,,
艺术学,音乐与舞蹈学类,航空服务艺术与管理,130208,-,4.6,,,
艺术学,音乐与舞蹈学类,流行音乐,130209,-,-,,,
艺术学,音乐与舞蹈学类,音乐治疗,130210,-,-,,,
艺术学,音乐与舞蹈学类,流行舞蹈,130211,-,-,,,
艺术学,音乐与舞蹈学类,音乐教育,130212,-,-,,,
艺术学,音乐与舞蹈学类,冰雪舞蹈表演,130213,-,-,,,
艺术学,音乐与舞蹈学类,舞蹈治疗,130214,-,-,,,
艺术学,音乐与舞蹈学类,音乐科技,130215,-,-,,,
艺术学,戏剧与影视学类,表演,130301,查看,4.2,https://gaokao.chsi.com.cn/zyk/zybk/detail/73383671,https://gaokao.chsi.com.cn/zyk/zybk/ksyxPage?specId=73383671,
艺术学,戏剧与影视学类,戏剧学,130302,查看,4.7,https://gaokao.chsi.com.cn/zyk/zybk/detail/73383667,https://gaokao.chsi.com.cn/zyk/zybk/ksyxPage?specId=73383667,
艺术学,戏剧与影视学类,电影学,130303,-,3.6,,,
艺术学,戏剧与影视学类,戏剧影视文学,130304,查看,4.0,https://gaokao.chsi.com.cn/zyk/zybk/detail/73383679,https://gaokao.chsi.com.cn/zyk/zybk/ksyxPage?specId=73383679,
艺术学,戏剧与影视学类,广播电视编导,130305,查看,4.2,https://gaokao.chsi.com.cn/zyk/zybk/detail/73383703,https://gaokao.chsi.com.cn/zyk/zybk/ksyxPage?specId=73383703,
艺术学,戏剧与影视学类,戏剧影视导演,130306,查看,3.9,https://gaokao.chsi.com.cn/zyk/zybk/detail/73383675,https://gaokao.chsi.com.cn/zyk/zybk/ksyxPage?specId=73383675,
艺术学,戏剧与影视学类,戏剧影视美术设计,130307,查看,4.0,https://gaokao.chsi.com.cn/zyk/zybk/detail/73383683,https://gaokao.chsi.com.cn/zyk/zybk/ksyxPage?specId=73383683,
艺术学,戏剧与影视学类,录音艺术,130308,查看,4.3,https://gaokao.chsi.com.cn/zyk/zybk/detail/73383691,https://gaokao.chsi.com.cn/zyk/zybk/ksyxPage?specId=73383691,
艺术学,戏剧与影视学类,播音与主持艺术,130309,查看,4.3,https://gaokao.chsi.com.cn/zyk/zybk/detail/73383699,https://gaokao.chsi.com.cn/zyk/zybk/ksyxPage?specId=73383699,
艺术学,戏剧与影视学类,动画,130310,查看,4.0,https://gaokao.chsi.com.cn/zyk/zybk/detail/73383695,https://gaokao.chsi.com.cn/zyk/zybk/ksyxPage?specId=73383695,
艺术学,戏剧与影视学类,影视摄影与制作,130311,查看,4.0,https://gaokao.chsi.com.cn/zyk/zybk/detail/433435840,https://gaokao.chsi.com.cn/zyk/zybk/ksyxPage?specId=433435840,
艺术学,戏剧与影视学类,影视技术,130312,-,-,,,
艺术学,戏剧与影视学类,戏剧教育,130313,-,-,,,
艺术学,戏剧与影视学类,曲艺,130314,-,-,,,
艺术学,戏剧与影视学类,音乐剧,130315,-,-,,,
艺术学,戏剧与影视学类,数字戏剧,130316,-,-,,,
艺术学,戏剧与影视学类,数字演艺设计,130317,-,-,,,
艺术学,戏剧与影视学类,智能影像艺术,130318,-,-,,,
艺术学,美术学类,美术学,130401,查看,4.3,https://gaokao.chsi.com.cn/zyk/zybk/detail/73383647,https://gaokao.chsi.com.cn/zyk/zybk/ksyxPage?specId=73383647,
艺术学,美术学类,绘画,130402,查看,4.1,https://gaokao.chsi.com.cn/zyk/zybk/detail/73383639,https://gaokao.chsi.com.cn/zyk/zybk/ksyxPage?specId=73383639,
艺术学,美术学类,雕塑,130403,查看,4.0,https://gaokao.chsi.com.cn/zyk/zybk/detail/73383643,https://gaokao.chsi.com.cn/zyk/zybk/ksyxPage?specId=73383643,
艺术学,美术学类,摄影,130404,查看,4.2,https://gaokao.chsi.com.cn/zyk/zybk/detail/73383687,https://gaokao.chsi.com.cn/zyk/zybk/ksyxPage?specId=73383687,
艺术学,美术学类,书法学,130405,查看,4.4,https://gaokao.chsi.com.cn/zyk/zybk/detail/73383715,https://gaokao.chsi.com.cn/zyk/zybk/ksyxPage?specId=73383715,
艺术学,美术学类,中国画,130406,查看,4.3,https://gaokao.chsi.com.cn/zyk/zybk/detail/164247441,https://gaokao.chsi.com.cn/zyk/zybk/ksyxPage?specId=164247441,
艺术学,美术学类,实验艺术,130407,-,-,,,
艺术学,美术学类,跨媒体艺术,130408,-,-,,,
艺术学,美术学类,文物保护与修复,130409,-,-,,,
艺术学,美术学类,漫画,130410,-,4.6,,,
艺术学,美术学类,纤维艺术,130411,-,-,,,
艺术学,美术学类,科技艺术,130412,-,-,,,
艺术学,美术学类,美术教育,130413,-,-,,,
艺术学,美术学类,虚拟空间艺术,130414,-,-,,,
艺术学,设计学类,艺术设计学,130501,查看,3.9,https://gaokao.chsi.com.cn/zyk/zybk/detail/73383651,https://gaokao.chsi.com.cn/zyk/zybk/ksyxPage?specId=73383651,
艺术学,设计学类,视觉传达设计,130502,查看,4.1,https://gaokao.chsi.com.cn/zyk/zybk/detail/421209027,https://gaokao.chsi.com.cn/zyk/zybk/ksyxPage?specId=421209027,
艺术学,设计学类,环境设计,130503,查看,4.0,https://gaokao.chsi.com.cn/zyk/zybk/detail/421209023,https://gaokao.chsi.com.cn/zyk/zybk/ksyxPage?specId=421209023,
艺术学,设计学类,产品设计,130504,查看,3.9,https://gaokao.chsi.com.cn/zyk/zybk/detail/421209035,https://gaokao.chsi.com.cn/zyk/zybk/ksyxPage?specId=421209035,
艺术学,设计学类,服装与服饰设计,130505,查看,4.0,https://gaokao.chsi.com.cn/zyk/zybk/detail/421209031,https://gaokao.chsi.com.cn/zyk/zybk/ksyxPage?specId=421209031,
艺术学,设计学类,公共艺术,130506,查看,3.8,https://gaokao.chsi.com.cn/zyk/zybk/detail/164247445,https://gaokao.chsi.com.cn/zyk/zybk/ksyxPage?specId=164247445,
艺术学,设计学类,工艺美术,130507,查看,3.9,https://gaokao.chsi.com.cn/zyk/zybk/detail/73383415,https://gaokao.chsi.com.cn/zyk/zybk/ksyxPage?specId=73383415,
艺术学,设计学类,数字媒体艺术,130508,查看,4.0,https://gaokao.chsi.com.cn/zyk/zybk/detail/73384404,https://gaokao.chsi.com.cn/zyk/zybk/ksyxPage?specId=73384404,
艺术学,设计学类,艺术与科技,130509,查看,3.9,https://gaokao.chsi.com.cn/zyk/zybk/detail/433435732,https://gaokao.chsi.com.cn/zyk/zybk/ksyxPage?specId=433435732,
艺术学,设计学类,陶瓷艺术设计,130510,-,4.6,,,
艺术学,设计学类,新媒体艺术,130511,-,5.0,,,
艺术学,设计学类,包装设计,130512,-,-,,,
艺术学,设计学类,珠宝首饰设计与工艺,130513,-,-,,,
艺术学,设计学类,人居设计,130514,-,-,,,
艺术学,设计学类,游戏艺术设计,130515,-,-,,,
